setting,shot,signal,aurc_mean,aurc_sd,curve_mean,curve_sd,coverage_0.30_risk_mean,coverage_0.30_risk_sd,coverage_0.30_random_ci_half,coverage_0.50_risk_mean,coverage_0.50_risk_sd,coverage_0.50_random_ci_half,coverage_0.70_risk_mean,coverage_0.70_risk_sd,coverage_0.70_random_ci_half,error_auroc_mean,error_auroc_sd,error_auprc_mean,error_auprc_sd
fewer,0,p,0.3700133983380159,0.034625695860352745,"0.2049,0.2878,0.3328,0.3779,0.3833,0.3976,0.3923,0.3957,0.3984,0.4132,0.4214,0.4355,0.4381,0.4560,0.4647,0.4711,0.4833,0.4992,0.4991","0.1165,0.0306,0.0598,0.0823,0.0848,0.0943,0.0825,0.0701,0.0632,0.0518,0.0374,0.0334,0.0247,0.0236,0.0249,0.0279,0.0273,0.0282,0.0155",,,,,,,,,,,,,
fewer,0,msp,0.45103563207996844,0.03856686759507605,"0.4439,0.4585,0.4984,0.5166,0.5108,0.5143,0.5147,0.5190,0.5172,0.5147,0.5127,0.5037,0.4992,0.4949,0.4961,0.4882,0.4954,0.4962,0.4965","0.2531,0.2138,0.1127,0.0852,0.0767,0.0557,0.0440,0.0338,0.0260,0.0296,0.0321,0.0245,0.0228,0.0211,0.0217,0.0116,0.0174,0.0184,0.0097",,,,,,,,,,,,,
fewer,0,margin,0.45107336792902497,0.038542222550179896,"0.4439,0.4585,0.4984,0.5166,0.5108,0.5143,0.5147,0.5190,0.5172,0.5147,0.5127,0.5037,0.5000,0.4949,0.4961,0.4882,0.4954,0.4962,0.4965","0.2531,0.2138,0.1127,0.0852,0.0767,0.0557,0.0440,0.0338,0.0260,0.0296,0.0321,0.0245,0.0235,0.0211,0.0217,0.0116,0.0174,0.0184,0.0097",,,,,,,,,,,,,
fewer,0,entropy,0.4510299534226977,0.03781737983591887,"0.4439,0.4585,0.4984,0.5166,0.5108,0.5143,0.5147,0.5190,0.5172,0.5142,0.5082,0.4988,0.4958,0.4960,0.5007,0.4949,0.4957,0.4954,0.4991","0.2531,0.2138,0.1127,0.0852,0.0767,0.0557,0.0440,0.0338,0.0260,0.0288,0.0243,0.0178,0.0178,0.0207,0.0199,0.0173,0.0220,0.0182,0.0127",,,,,,,,,,,,,
fewer,0,u,0.45209407185243855,0.03907815549726741,"0.4439,0.4585,0.4984,0.5166,0.5108,0.5143,0.5154,0.5196,0.5183,0.5137,0.5091,0.5045,0.5034,0.4970,0.4961,0.4998,0.4983,0.4970,0.4983","0.2531,0.2138,0.1127,0.0852,0.0767,0.0557,0.0449,0.0346,0.0275,0.0294,0.0286,0.0286,0.0288,0.0264,0.0169,0.0163,0.0195,0.0212,0.0109",,,,,,,,,,,,,
fewer,0,random,0.45,0.0,"0.5000,0.5000,0.5000,0.5000,0.5000,0.5000,0.5000,0.5000,0.5000,0.5000,0.5000,0.5000,0.5000,0.5000,0.5000,0.5000,0.5000,0.5000,0.5000","0.0000,0.0000,0.0000,0.0000,0.0000,0.0000,0.0000,0.0000,0.0000,0.0000,0.0000,0.0000,0.0000,0.0000,0.0000,0.0000,0.0000,0.0000,0.0000",,,,,,,,,,,,,
fewer,0,p,,,,,0.39755102040816326,0.09425832272845641,,,,,,,,,,,
fewer,0,msp,,,,,0.5142857142857142,0.05566604774279941,,,,,,,,,,,
fewer,0,margin,,,,,0.5142857142857142,0.05566604774279941,,,,,,,,,,,
fewer,0,entropy,,,,,0.5142857142857142,0.05566604774279941,,,,,,,,,,,
fewer,0,u,,,,,0.5142857142857142,0.05566604774279941,,,,,,,,,,,
fewer,0,random,,,,,0.5002448979591837,0.003482807180406824,0.003734276500236442,,,,,,,,,,
fewer,0,p,,,,,,,,0.4132352941176471,0.05177895488676559,,,,,,,,
fewer,0,msp,,,,,,,,0.5147058823529411,0.02961530875881024,,,,,,,,
fewer,0,margin,,,,,,,,0.5147058823529411,0.02961530875881024,,,,,,,,
fewer,0,entropy,,,,,,,,0.5142156862745099,0.02876118708177641,,,,,,,,
fewer,0,u,,,,,,,,0.5137254901960784,0.029442386020480896,,,,,,,,
fewer,0,random,,,,,,,,0.4999240196078431,0.0005682628564067272,0.0025351642400450966,,,,,,,
fewer,0,p,,,,,,,,,,,0.4560420315236427,0.023645974999748014,,,,,
fewer,0,msp,,,,,,,,,,,0.4949211908931699,0.02107405808264984,,,,,
fewer,0,margin,,,,,,,,,,,0.4949211908931699,0.02107405808264984,,,,,
fewer,0,entropy,,,,,,,,,,,0.49597197898423817,0.02069960674899108,,,,,
fewer,0,u,,,,,,,,,,,0.4970227670753065,0.026397819518622426,,,,,
fewer,0,random,,,,,,,,,,,0.4998826619964974,0.0010994043893758356,0.0015493998995695028,,,,
fewer,0,err-detect-msp,,,,,,,,,,,,,,0.5431680034329853,0.02178201487398139,0.45110125036840054,0.03974256529309235
fewer,0,err-detect-entropy,,,,,,,,,,,,,,0.5429721489333021,0.021908520071376763,0.4507600369929465,0.03970158332764207
fewer,0,err-detect-u,,,,,,,,,,,,,,0.5428300936736277,0.020924416633504212,0.45128572568757275,0.04128795973636932
rare,0,p,0.3137390036998604,0.0397085231439178,"0.2727,0.3000,0.2687,0.2930,0.2926,0.2923,0.3053,0.3163,0.3278,0.3296,0.3429,0.3662,0.3786,0.3881,0.3951,0.4150,0.4359,0.4526,0.4771","0.2318,0.1423,0.1662,0.1022,0.0562,0.0435,0.0599,0.0704,0.0543,0.0362,0.0287,0.0311,0.0286,0.0302,0.0200,0.0118,0.0060,0.0043,0.0041",,,,,,,,,,,,,
rare,0,msp,0.5058157493549897,0.07972456671494288,"0.8000,0.7364,0.6750,0.6419,0.6222,0.5938,0.5763,0.5628,0.5526,0.5389,0.5176,0.5000,0.4857,0.4887,0.4975,0.4925,0.4891,0.4969,0.4966","0.3042,0.2068,0.1896,0.1591,0.1473,0.1357,0.1236,0.1058,0.0871,0.0947,0.0796,0.0646,0.0510,0.0404,0.0320,0.0257,0.0214,0.0165,0.0106",,,,,,,,,,,,,
rare,0,margin,0.5058157493549897,0.07972456671494288,"0.8000,0.7364,0.6750,0.6419,0.6222,0.5938,0.5763,0.5628,0.5526,0.5389,0.5176,0.5000,0.4857,0.4887,0.4975,0.4925,0.4891,0.4969,0.4966","0.3042,0.2068,0.1896,0.1591,0.1473,0.1357,0.1236,0.1058,0.0871,0.0947,0.0796,0.0646,0.0510,0.0404,0.0320,0.0257,0.0214,0.0165,0.0106",,,,,,,,,,,,,
rare,0,entropy,0.5047945292342396,0.07922904481283868,"0.8000,0.7364,0.6750,0.6419,0.6222,0.5938,0.5763,0.5628,0.5526,0.5389,0.5176,0.4969,0.4843,0.4887,0.4901,0.4890,0.4902,0.4918,0.4946","0.3042,0.2068,0.1896,0.1591,0.1473,0.1357,0.1236,0.1058,0.0871,0.0947,0.0774,0.0610,0.0483,0.0373,0.0271,0.0291,0.0235,0.0161,0.0122",,,,,,,,,,,,,
rare,0,u,0.5048749065040059,0.07891656515195097,"0.8000,0.7364,0.6750,0.6419,0.6222,0.5938,0.5763,0.5628,0.5546,0.5389,0.5176,0.5000,0.4857,0.4874,0.4864,0.4902,0.4880,0.4938,0.4927","0.3042,0.2068,0.1896,0.1591,0.1473,0.1357,0.1236,0.1058,0.0909,0.0947,0.0796,0.0625,0.0497,0.0396,0.0284,0.0269,0.0201,0.0173,0.0114",,,,,,,,,,,,,
rare,0,random,0.45,0.0,"0.5000,0.5000,0.5000,0.5000,0.5000,0.5000,0.5000,0.5000,0.5000,0.5000,0.5000,0.5000,0.5000,0.5000,0.5000,0.5000,0.5000,0.5000,0.5000","0.0000,0.0000,0.0000,0.0000,0.0000,0.0000,0.0000,0.0000,0.0000,0.0000,0.0000,0.0000,0.0000,0.0000,0.0000,0.0000,0.0000,0.0000,0.0000",,,,,,,,,,,,,
rare,0,p,,,,,0.2923076923076923,0.043514263457633706,,,,,,,,,,,
rare,0,msp,,,,,0.5938461538461539,0.13569893582276893,,,,,,,,,,,
rare,0,margin,,,,,0.5938461538461539,0.13569893582276893,,,,,,,,,,,
rare,0,entropy,,,,,0.5938461538461539,0.13569893582276893,,,,,,,,,,,
rare,0,u,,,,,0.5938461538461539,0.13569893582276893,,,,,,,,,,,
rare,0,random,,,,,0.5022153846153847,0.0042042525667435925,0.0071220916455880575,,,,,,,,,,
rare,0,p,,,,,,,,0.32962962962962966,0.03621779114001472,,,,,,,,
rare,0,msp,,,,,,,,0.538888888888889,0.09474353512804802,,,,,,,,
rare,0,margin,,,,,,,,0.538888888888889,0.09474353512804802,,,,,,,,
rare,0,entropy,,,,,,,,0.538888888888889,0.09474353512804802,,,,,,,,
rare,0,u,,,,,,,,0.538888888888889,0.09474353512804802,,,,,,,,
rare,0,random,,,,,,,,0.4994074074074074,0.002488700458585797,0.004725147389830931,,,,,,,
rare,0,p,,,,,,,,,,,0.3880794701986755,0.030203322519182438,,,,,
rare,0,msp,,,,,,,,,,,0.4887417218543046,0.040391922336362636,,,,,
rare,0,margin,,,,,,,,,,,0.4887417218543046,0.040391922336362636,,,,,
rare,0,entropy,,,,,,,,,,,0.4887417218543046,0.03728659141790528,,,,,
rare,0,u,,,,,,,,,,,0.48741721854304626,0.03962457033550088,,,,,
rare,0,random,,,,,,,,,,,0.5009735099337748,0.0017605185212872664,0.0030462520581394314,,,,
rare,0,err-detect-msp,,,,,,,,,,,,,,0.6381795090735782,0.04250318745049137,0.45290517175103284,0.052949268232162214
rare,0,err-detect-entropy,,,,,,,,,,,,,,0.6382245309141628,0.0421585213339997,0.45293487600719506,0.051891806003702225
rare,0,err-detect-u,,,,,,,,,,,,,,0.6384724621571192,0.040534305142968574,0.4624620457046813,0.04588542849090177
