rank,event,drug_a,drug_b,a_name,b_name,prob_mean,prob_mean_raw,u_mean,r,semantic_overlap,evidence_auto,evidence_pmids,evidence_note
1,The risk or severity of hypertension decrease,DB09239,DB00388,Dexniguldipine,Phenylephrine,0.6395978885788576,0.685225402,0.629549076,0.2538423833191714,yes,class_suggested,42599647,Phenylephrine 为 α1 激动剂升压药，其升压作用可被拮抗（文献42599647，标题“Alterations in arterial pressure waveform morphology following volume loading versus vasopressor administration in criti”）。（类别级推断：所引为单药机制文献，非两药合用直接证据。）
1,The absorption decrease,DB01235,DB09089,Levodopa,Trimebutine,0.6263529936957928,0.6672557259999999,0.665488256,0.2232048765982461,no,class_suggested,42413884,左旋多巴在小肠吸收，胃肠动力/排空改变可减少其吸收（文献42413884，标题“Ageing-driven gastrointestinal variability in Parkinson's disease: implications for oral levodopa pharmacokinetics and f”）。（类别级推断：所引为单药机制文献，非两药合用直接证据。）
1,The serum concentration of the active metabolites increase,DB01151,DB01151,Desipramine,Desipramine,0.6228450241757301,0.662912512,0.674174772,0.2159936203664527,yes,class_suggested,"28520379, 39452902",Desipramine 既是活性代谢物（imipramine 经 CYP 代谢生成）也是 CYP2D6 底物，其血浆浓度受 CYP2D6 活性影响（文献28520379/39452902，标题“Imipramine Therapy and CYP2D6 and CYP2C19 Genotype.”）；同一药物两侧：Desipramine 同时承担母药与活性代谢物角色，血浆浓度均受 CYP2D6 活性影响（文献28520379/39452902，标题“Imipramine Therapy and CYP2D6 and CYP2C19 Genotype.”）。Desipramine 为 CYP2D6 底物与活性代谢物角色；CYP2D6 活性降低可提高其（及母药）血浆浓度。（类别级推断：所引为单药机制文献，非两药合用直接证据。）
1,the neuromuscular blocking activities decrease,DB00871,DB01338,Terbutaline,Pipecuronium,0.6138854872346723,0.6517028220000001,0.6965942380000001,0.1977303913064603,yes,none,,未检索到支持该事件方向的 direct/类别级机制证据
1,The risk or severity of renal failure hypotension and hyperkalemia increase,DB11827,DB00881,Ertugliflozin,Quinapril,0.6143073284142034,0.6513082640000001,0.697382086,0.1970975482226413,yes,class_suggested,41994768,SGLT2 抑制剂（Ertugliflozin）渗透性利尿→容量不足/低血压，加重肾脏低灌注（文献41994768，标题“Sodium-Glucose Cotransporter-2 Inhibitors Across the Glycemic Spectrum: Cardiovascular and Renal Outcomes With Mechanist”）。（类别级推断：所引为单药机制文献，非两药合用直接证据。）
1,The risk or severity of renal failure increase,DB14006,DB00178,,Ramipril,0.6092357933701653,0.644961488,0.710058848,0.1870008768263542,yes,none,,未检索到支持该事件方向的 direct/类别级机制证据
1,The risk or severity of QTc prolongation and hypotension increase,DB00199,DB09239,Erythromycin,Dexniguldipine,0.5923355672530569,0.623343384,0.753309988,0.1537725868790805,yes,class_suggested,41896159,Erythromycin 为已知 QTc 延长/尖端扭转型室速药物（hERG 阻滞）（文献41896159，标题“Drug-associated torsades de pointes and QT prolongation in infants: A focused real-world disproportionality analysis pha”）。（类别级推断：所引为单药机制文献，非两药合用直接证据。）
1,the stimulatory activities decrease,DB06077,DB01255,Lumateperone,Lisdexamfetamine,0.5908277516498671,0.621579934,0.756820322,0.1511556082013812,yes,class_suggested,"42455478, 41880832, 42012868",Lumateperone 为抗精神病药，同时调节 5-HT/多巴胺/谷氨酸神经传递（含多巴胺能机制）（文献42455478/41880832，标题“Safety and Tolerability of Adjunctive Lumateperone for the Treatment of Major Depressive Disorder: A Pooled Analysis of ”）；Lisdexamfetamine 为苯丙胺类中枢兴奋剂，具拟交感刺激活性（文献42012868，标题“Sympathomimetic Overdose With Lisdexamfetamine in a Pediatric Patient Resulting in Stress Cardiomyopathy-A Case Report.”）。Lumateperone 的多巴胺能调节作用可减弱 Lisdexamfetamine（苯丙胺类兴奋剂）的中枢刺激活性。（类别级推断：所引为单药机制文献，非两药合用直接证据。）
1,The risk or severity of angioedema increase,DB01261,DB06203,Sitagliptin,Alogliptin,0.5875032889424658,0.616319894,0.76735518,0.143383630802049,no,class_suggested,"39773243, 29939586",Sitagliptin（DPP-4 抑制剂）与血管性水肿相关（文献39773243，标题“Interaction between dipeptidyl-peptidase-4 inhibitors and drugs acting on renin angiotensin aldosterone system for the r”）；Alogliptin（DPP-4 抑制剂）同类——同类相加（文献39773243/29939586，标题“Interaction between dipeptidyl-peptidase-4 inhibitors and drugs acting on renin angiotensin aldosterone system for the r”）。Sitagliptin 与 Alogliptin 同为 DPP-4 抑制剂，同类叠加增加血管性水肿风险。（类别级推断：所引为单药机制文献，非两药合用直接证据。）
1,The risk or severity of myopathy and weakness increase,DB11156,DB01222,Pyrantel,Budesonide,0.3771831535174574,0.341088566,0.5817095560000001,0.1426740877154632,no,none,,未检索到支持该事件方向的 direct/类别级机制证据
1,The risk or severity of QTc prolongation decrease,DB00358,DB09013,(+)-Mefloquine,Befunolol,0.5792524925607125,0.606201014,0.787587726,0.1287645358848458,yes,none,,未检索到支持该事件方向的 direct/类别级机制证据
1,the thrombogenic activities increase,DB04552,DB01357,Niflumic acid,Mestranol,0.3092064035251062,0.252799496,0.505439962,0.1250245283481408,yes,none,,未检索到支持该事件方向的 direct/类别级机制证据
1,The risk or severity of neutropenia and thrombocytopenia increase,DB00436,DB05015,Bendroflumethiazide,Belinostat,0.311421623178461,0.259868116,0.5197361519999999,0.1248052613626703,no,none,,未检索到支持该事件方向的 direct/类别级机制证据
1,The risk or severity of sedation and somnolence increase,DB01142,DB12161,Cidoxepin,Deutetrabenazine,0.3370816440972392,0.28496679399999997,0.5699334979999999,0.1225546722817346,no,none,,未检索到支持该事件方向的 direct/类别级机制证据
1,The risk or severity of Tachycardia and drowsiness increase,DB09089,DB00486,Trimebutine,Nabilone,0.35567334375860954,0.310572804,0.621145106,0.1176620267387027,no,class_suggested,"42485476, 42163693",Nabilone 为合成大麻素受体激动剂，嗜睡为已知不良反应（文献42485476/42163693，标题“Nabilone for Behavioural and Psychological Symptoms of Dementia: Drugs”）。（类别级推断：所引为单药机制文献，非两药合用直接证据。）
1,the vasopressor activities increase,DB01253,DB09289,Ergometrine,Tianeptine,0.5710476742741049,0.595202838,0.809593774,0.1133303260880693,yes,none,,未检索到支持该事件方向的 direct/类别级机制证据
1,The risk or severity of neutropenia increase,DB00321,DB00762,Amitriptyline,Irinotecan,0.37513290472538363,0.33390477599999996,0.667806572,0.1109209721650121,no,class_suggested,"42081171, 42276133",Irinotecan 为化疗药，中性粒细胞减少为常见剂量限制性毒性（文献42081171/42276133，标题“Pooled safety analysis of lurbinectedin plus irinotecan in patients with advanced solid tumors.”）。（类别级推断：所引为单药机制文献，非两药合用直接证据。）
1,an increase in the absorption resulting in an increased serum concentration and potentially a worsening of adverse effects cause,DB00940,DB06817,Methantheline,Raltegravir,0.3817696478036002,0.343834838,0.687668704,0.10739038056249,yes,class_suggested,22527350,Methantheline 为强效抗毒蕈碱药（抗胆碱作用较阿托品更强更持久）（文献22527350，标题“Relative bioavailability and pharmacodynamic effects of methantheline compared with atropine in healthy subjects.”）。（类别级推断：所引为单药机制文献，非两药合用直接证据。）
1,The risk or severity of fluid retention increase,DB04630,DB01406,Aldosterone,Danazol,0.38425316536174003,0.346549532,0.693088288,0.1063601101589187,no,class_suggested,"41809452, 42609626",Aldosterone 为盐皮质激素，促钠水潴留（文献41809452/42609626，标题“Vasopressin and fluid retention after liver resection: Comparison with the renin-angiotensin-aldosterone system by surgi”）。（类别级推断：所引为单药机制文献，非两药合用直接证据。）
1,the hypokalemic activities increase,DB04630,DB00808,Aldosterone,(S)-Indapamide,0.39573144690620593,0.36079387,0.721488058,0.1004854013953955,yes,class_suggested,"42367449, 42358241, 41222871","Aldosterone 促钾排泄→低钾血症（文献42367449/42358241，标题“Pseudo-Hyperaldosteronism After the Ingestion of Licorice Tea: A Case Report.”）；噻嗪样利尿剂（Indapamide）低钾血症为已知不良反应（文献41222871，标题“Low-Dose Triple-Pill of Telmisartan, Amlodipine, and Indapamide for Initial Hypertension Treatment: A GRADE-Assessed Met”）。盐皮质激素（Aldosterone）与噻嗪样利尿剂（Indapamide）均促钾丢失，叠加增加低钾血症风险。（类别级推断：所引为单药机制文献，非两药合用直接证据。）"
1,The risk or severity of renal failure and hypertension increase,DB09214,DB00091,Dexketoprofen,Cyclosporine,0.3950618995017929,0.361469776,0.7229392539999999,0.1001490857950129,yes,none,,未检索到支持该事件方向的 direct/类别级机制证据
1,The risk or severity of hyponatremia increase,DB04832,DB00035,Zimelidine,Desmopressin,0.5560508167813449,0.574755204,0.850259578,0.0860640867936561,yes,class_suggested,42351030,Desmopressin 为加压素类似物，水潴留→低钠血症（文献42351030，标题“Proactive desmopressin for the prevention of serum sodium overcorrection in moderate-to-severe hyponatremia: a systemati”）。（类别级推断：所引为单药机制文献，非两药合用直接证据。）
1,The risk or severity of hypotension and CNS depression increase,DB00679,DB00704,Thioridazine,Naltrexone,0.42870656316307654,0.40427601199999996,0.808551742,0.077397938248587,yes,none,,未检索到支持该事件方向的 direct/类别级机制证据
1,The risk or severity of electrolyte imbalance increase,DB14512,DB00436,Mometasone furoate,Bendroflumethiazide,0.4333841483771117,0.410778976,0.8215576880000001,0.0733003501984324,no,class_suggested,38425181,"噻嗪类利尿剂（Bendroflumethiazide）低钾/电解质紊乱为已知（文献38425181，标题“Genetic Determinants of Thiazide-Induced Hyperuricemia, Hyperglycemia, and Urinary Electrolyte Disturbances - A Genome-W”）。（类别级推断：所引为单药机制文献，非两药合用直接证据。）"
1,The risk or severity of hyperthermia and oligohydrosis increase,DB11855,DB00273,Revefenacin,Topiramate,0.4644637561736114,0.451849098,0.903695918,0.043514912585418,no,class_suggested,36829251,Topiramate（碳酸酐酶抑制）报告少汗/高温（文献36829251，标题“Pharmacovigilance-based drug repurposing: searching for putative drugs with hypohidrosis or anhidrosis adverse events fo”）。（类别级推断：所引为单药机制文献，非两药合用直接证据。）
