run_id,train_seed,eval_seed,setting,tier,shot,method,event_type,drug_a,drug_b,y_true,y_pred,prob,uncertainty,evidence_0,evidence_1,checkpoint_sha256,eval_manifest_sha256,event_embedding_sha256,git_commit
eviddie-19940419-19940419,19940419,19940419,rare,test2,0,EviDDIE,The risk or severity of QTc prolongation and hypotension increase,DB00199,DB00270,1,1,0.55346864,0.89292622,0.00015266,0.23967384,043a9f44df69ff0308290a38212c3d66b8c0d376028dc9fdea55ae61f1a7a5e4,e62f8a6f32803faa0a30e452fc6487a96ed8c9d9fca0ab49a588ea55f7a68cdf,b45bfe49a9c1a87a2c90e3878e8754a9819f8bde4717653d6fb44fa920ff1e90,483f0f0
eviddie-19940419-19940419,19940419,19940419,rare,test2,0,EviDDIE,The risk or severity of QTc prolongation and hypotension increase,DB00199,DB00347,1,0,0.48426545,0.96768302,0.06591632,0.00087617,043a9f44df69ff0308290a38212c3d66b8c0d376028dc9fdea55ae61f1a7a5e4,e62f8a6f32803faa0a30e452fc6487a96ed8c9d9fca0ab49a588ea55f7a68cdf,b45bfe49a9c1a87a2c90e3878e8754a9819f8bde4717653d6fb44fa920ff1e90,483f0f0
eviddie-19940419-19940419,19940419,19940419,rare,test2,0,EviDDIE,The risk or severity of QTc prolongation and hypotension increase,DB00199,DB00393,1,0,0.49978969,0.99367452,0.00678898,0.00594242,043a9f44df69ff0308290a38212c3d66b8c0d376028dc9fdea55ae61f1a7a5e4,e62f8a6f32803faa0a30e452fc6487a96ed8c9d9fca0ab49a588ea55f7a68cdf,b45bfe49a9c1a87a2c90e3878e8754a9819f8bde4717653d6fb44fa920ff1e90,483f0f0
eviddie-19940419-19940419,19940419,19940419,rare,test2,0,EviDDIE,The risk or severity of QTc prolongation and hypotension increase,DB00199,DB00528,1,1,0.51112425,0.97609872,0.00169342,0.04727989,043a9f44df69ff0308290a38212c3d66b8c0d376028dc9fdea55ae61f1a7a5e4,e62f8a6f32803faa0a30e452fc6487a96ed8c9d9fca0ab49a588ea55f7a68cdf,b45bfe49a9c1a87a2c90e3878e8754a9819f8bde4717653d6fb44fa920ff1e90,483f0f0
eviddie-19940419-19940419,19940419,19940419,rare,test2,0,EviDDIE,The risk or severity of QTc prolongation and hypotension increase,DB00199,DB00555,1,1,0.50000674,0.98837835,0.01174487,0.01177197,043a9f44df69ff0308290a38212c3d66b8c0d376028dc9fdea55ae61f1a7a5e4,e62f8a6f32803faa0a30e452fc6487a96ed8c9d9fca0ab49a588ea55f7a68cdf,b45bfe49a9c1a87a2c90e3878e8754a9819f8bde4717653d6fb44fa920ff1e90,483f0f0
eviddie-19940419-19940419,19940419,19940419,rare,test2,0,EviDDIE,The risk or severity of QTc prolongation and hypotension increase,DB00199,DB00568,1,1,0.52151108,0.95620352,0.00080977,0.09079517,043a9f44df69ff0308290a38212c3d66b8c0d376028dc9fdea55ae61f1a7a5e4,e62f8a6f32803faa0a30e452fc6487a96ed8c9d9fca0ab49a588ea55f7a68cdf,b45bfe49a9c1a87a2c90e3878e8754a9819f8bde4717653d6fb44fa920ff1e90,483f0f0
eviddie-19940419-19940419,19940419,19940419,rare,test2,0,EviDDIE,The risk or severity of QTc prolongation and hypotension increase,DB00199,DB00622,1,1,0.59568316,0.80859429,4.873e-05,0.47337955,043a9f44df69ff0308290a38212c3d66b8c0d376028dc9fdea55ae61f1a7a5e4,e62f8a6f32803faa0a30e452fc6487a96ed8c9d9fca0ab49a588ea55f7a68cdf,b45bfe49a9c1a87a2c90e3878e8754a9819f8bde4717653d6fb44fa920ff1e90,483f0f0
eviddie-19940419-19940419,19940419,19940419,rare,test2,0,EviDDIE,The risk or severity of QTc prolongation and hypotension increase,DB00199,DB00909,1,1,0.50556296,0.97297508,0.01634065,0.03921043,043a9f44df69ff0308290a38212c3d66b8c0d376028dc9fdea55ae61f1a7a5e4,e62f8a6f32803faa0a30e452fc6487a96ed8c9d9fca0ab49a588ea55f7a68cdf,b45bfe49a9c1a87a2c90e3878e8754a9819f8bde4717653d6fb44fa920ff1e90,483f0f0
eviddie-19940419-19940419,19940419,19940419,rare,test2,0,EviDDIE,The risk or severity of QTc prolongation and hypotension increase,DB00199,DB01054,1,1,0.50211167,0.99282563,0.00297226,0.0114801,043a9f44df69ff0308290a38212c3d66b8c0d376028dc9fdea55ae61f1a7a5e4,e62f8a6f32803faa0a30e452fc6487a96ed8c9d9fca0ab49a588ea55f7a68cdf,b45bfe49a9c1a87a2c90e3878e8754a9819f8bde4717653d6fb44fa920ff1e90,483f0f0
eviddie-19940419-19940419,19940419,19940419,rare,test2,0,EviDDIE,The risk or severity of QTc prolongation and hypotension increase,DB00199,DB01115,1,0,0.49894172,0.99244267,0.00974757,0.00548217,043a9f44df69ff0308290a38212c3d66b8c0d376028dc9fdea55ae61f1a7a5e4,e62f8a6f32803faa0a30e452fc6487a96ed8c9d9fca0ab49a588ea55f7a68cdf,b45bfe49a9c1a87a2c90e3878e8754a9819f8bde4717653d6fb44fa920ff1e90,483f0f0
eviddie-19940419-19940419,19940419,19940419,rare,test2,0,EviDDIE,The risk or severity of QTc prolongation and hypotension increase,DB00199,DB04743,1,1,0.59166795,0.81662625,4.638e-05,0.44905436,043a9f44df69ff0308290a38212c3d66b8c0d376028dc9fdea55ae61f1a7a5e4,e62f8a6f32803faa0a30e452fc6487a96ed8c9d9fca0ab49a588ea55f7a68cdf,b45bfe49a9c1a87a2c90e3878e8754a9819f8bde4717653d6fb44fa920ff1e90,483f0f0
eviddie-19940419-19940419,19940419,19940419,rare,test2,0,EviDDIE,The risk or severity of QTc prolongation and hypotension increase,DB00199,DB04825,1,1,0.50666821,0.98210722,0.00463941,0.03179815,043a9f44df69ff0308290a38212c3d66b8c0d376028dc9fdea55ae61f1a7a5e4,e62f8a6f32803faa0a30e452fc6487a96ed8c9d9fca0ab49a588ea55f7a68cdf,b45bfe49a9c1a87a2c90e3878e8754a9819f8bde4717653d6fb44fa920ff1e90,483f0f0
eviddie-19940419-19940419,19940419,19940419,rare,test2,0,EviDDIE,The risk or severity of QTc prolongation and hypotension increase,DB00199,DB04838,1,0,0.49781787,0.99432445,0.01009727,0.00131882,043a9f44df69ff0308290a38212c3d66b8c0d376028dc9fdea55ae61f1a7a5e4,e62f8a6f32803faa0a30e452fc6487a96ed8c9d9fca0ab49a588ea55f7a68cdf,b45bfe49a9c1a87a2c90e3878e8754a9819f8bde4717653d6fb44fa920ff1e90,483f0f0
eviddie-19940419-19940419,19940419,19940419,rare,test2,0,EviDDIE,The risk or severity of QTc prolongation and hypotension increase,DB00199,DB04841,1,0,0.49663925,0.98298508,0.02414734,0.01047157,043a9f44df69ff0308290a38212c3d66b8c0d376028dc9fdea55ae61f1a7a5e4,e62f8a6f32803faa0a30e452fc6487a96ed8c9d9fca0ab49a588ea55f7a68cdf,b45bfe49a9c1a87a2c90e3878e8754a9819f8bde4717653d6fb44fa920ff1e90,483f0f0
eviddie-19940419-19940419,19940419,19940419,rare,test2,0,EviDDIE,The risk or severity of QTc prolongation and hypotension increase,DB00199,DB04842,1,1,0.50036401,0.9975425,0.00173393,0.00319338,043a9f44df69ff0308290a38212c3d66b8c0d376028dc9fdea55ae61f1a7a5e4,e62f8a6f32803faa0a30e452fc6487a96ed8c9d9fca0ab49a588ea55f7a68cdf,b45bfe49a9c1a87a2c90e3878e8754a9819f8bde4717653d6fb44fa920ff1e90,483f0f0
eviddie-19940419-19940419,19940419,19940419,rare,test2,0,EviDDIE,The risk or severity of QTc prolongation and hypotension increase,DB00199,DB05246,1,1,0.60119271,0.79755056,8.034e-05,0.50759768,043a9f44df69ff0308290a38212c3d66b8c0d376028dc9fdea55ae61f1a7a5e4,e62f8a6f32803faa0a30e452fc6487a96ed8c9d9fca0ab49a588ea55f7a68cdf,b45bfe49a9c1a87a2c90e3878e8754a9819f8bde4717653d6fb44fa920ff1e90,483f0f0
eviddie-19940419-19940419,19940419,19940419,rare,test2,0,EviDDIE,The risk or severity of QTc prolongation and hypotension increase,DB00199,DB05885,1,1,0.52372336,0.95195496,0.00062863,0.10031127,043a9f44df69ff0308290a38212c3d66b8c0d376028dc9fdea55ae61f1a7a5e4,e62f8a6f32803faa0a30e452fc6487a96ed8c9d9fca0ab49a588ea55f7a68cdf,b45bfe49a9c1a87a2c90e3878e8754a9819f8bde4717653d6fb44fa920ff1e90,483f0f0
eviddie-19940419-19940419,19940419,19940419,rare,test2,0,EviDDIE,The risk or severity of QTc prolongation and hypotension increase,DB00199,DB06152,1,0,0.49351293,0.98654109,0.02679387,0.00049139,043a9f44df69ff0308290a38212c3d66b8c0d376028dc9fdea55ae61f1a7a5e4,e62f8a6f32803faa0a30e452fc6487a96ed8c9d9fca0ab49a588ea55f7a68cdf,b45bfe49a9c1a87a2c90e3878e8754a9819f8bde4717653d6fb44fa920ff1e90,483f0f0
eviddie-19940419-19940419,19940419,19940419,rare,test2,0,EviDDIE,The risk or severity of QTc prolongation and hypotension increase,DB00199,DB06446,1,1,0.50375217,0.99126524,0.00124121,0.01638223,043a9f44df69ff0308290a38212c3d66b8c0d376028dc9fdea55ae61f1a7a5e4,e62f8a6f32803faa0a30e452fc6487a96ed8c9d9fca0ab49a588ea55f7a68cdf,b45bfe49a9c1a87a2c90e3878e8754a9819f8bde4717653d6fb44fa920ff1e90,483f0f0
eviddie-19940419-19940419,19940419,19940419,rare,test2,0,EviDDIE,The risk or severity of QTc prolongation and hypotension increase,DB00199,DB06712,1,1,0.50323117,0.99208188,0.00146718,0.01449531,043a9f44df69ff0308290a38212c3d66b8c0d376028dc9fdea55ae61f1a7a5e4,e62f8a6f32803faa0a30e452fc6487a96ed8c9d9fca0ab49a588ea55f7a68cdf,b45bfe49a9c1a87a2c90e3878e8754a9819f8bde4717653d6fb44fa920ff1e90,483f0f0
eviddie-19940419-19940419,19940419,19940419,rare,test2,0,EviDDIE,The risk or severity of QTc prolongation and hypotension increase,DB00199,DB07615,1,0,0.49229133,0.98088878,0.03520131,0.00376587,043a9f44df69ff0308290a38212c3d66b8c0d376028dc9fdea55ae61f1a7a5e4,e62f8a6f32803faa0a30e452fc6487a96ed8c9d9fca0ab49a588ea55f7a68cdf,b45bfe49a9c1a87a2c90e3878e8754a9819f8bde4717653d6fb44fa920ff1e90,483f0f0
eviddie-19940419-19940419,19940419,19940419,rare,test2,0,EviDDIE,The risk or severity of QTc prolongation and hypotension increase,DB00199,DB08838,1,1,0.59414393,0.8115918,0.00014833,0.46414477,043a9f44df69ff0308290a38212c3d66b8c0d376028dc9fdea55ae61f1a7a5e4,e62f8a6f32803faa0a30e452fc6487a96ed8c9d9fca0ab49a588ea55f7a68cdf,b45bfe49a9c1a87a2c90e3878e8754a9819f8bde4717653d6fb44fa920ff1e90,483f0f0
eviddie-19940419-19940419,19940419,19940419,rare,test2,0,EviDDIE,The risk or severity of QTc prolongation and hypotension increase,DB00199,DB09089,1,1,0.51308292,0.97375947,7.667e-05,0.05381858,043a9f44df69ff0308290a38212c3d66b8c0d376028dc9fdea55ae61f1a7a5e4,e62f8a6f32803faa0a30e452fc6487a96ed8c9d9fca0ab49a588ea55f7a68cdf,b45bfe49a9c1a87a2c90e3878e8754a9819f8bde4717653d6fb44fa920ff1e90,483f0f0
eviddie-19940419-19940419,19940419,19940419,rare,test2,0,EviDDIE,The risk or severity of QTc prolongation and hypotension increase,DB00199,DB09090,1,1,0.63099796,0.73800164,3.49e-06,0.71001762,043a9f44df69ff0308290a38212c3d66b8c0d376028dc9fdea55ae61f1a7a5e4,e62f8a6f32803faa0a30e452fc6487a96ed8c9d9fca0ab49a588ea55f7a68cdf,b45bfe49a9c1a87a2c90e3878e8754a9819f8bde4717653d6fb44fa920ff1e90,483f0f0
eviddie-19940419-19940419,19940419,19940419,rare,test2,0,EviDDIE,The risk or severity of QTc prolongation and hypotension increase,DB00199,DB09216,1,1,0.61343807,0.77312267,1.42e-06,0.58691013,043a9f44df69ff0308290a38212c3d66b8c0d376028dc9fdea55ae61f1a7a5e4,e62f8a6f32803faa0a30e452fc6487a96ed8c9d9fca0ab49a588ea55f7a68cdf,b45bfe49a9c1a87a2c90e3878e8754a9819f8bde4717653d6fb44fa920ff1e90,483f0f0
eviddie-19940419-19940419,19940419,19940419,rare,test2,0,EviDDIE,The risk or severity of QTc prolongation and hypotension increase,DB00199,DB09227,1,1,0.51593876,0.96792096,0.00020816,0.06607632,043a9f44df69ff0308290a38212c3d66b8c0d376028dc9fdea55ae61f1a7a5e4,e62f8a6f32803faa0a30e452fc6487a96ed8c9d9fca0ab49a588ea55f7a68cdf,b45bfe49a9c1a87a2c90e3878e8754a9819f8bde4717653d6fb44fa920ff1e90,483f0f0
eviddie-19940419-19940419,19940419,19940419,rare,test2,0,EviDDIE,The risk or severity of QTc prolongation and hypotension increase,DB00199,DB09229,1,1,0.62674278,0.74650592,1.157e-05,0.67913681,043a9f44df69ff0308290a38212c3d66b8c0d376028dc9fdea55ae61f1a7a5e4,e62f8a6f32803faa0a30e452fc6487a96ed8c9d9fca0ab49a588ea55f7a68cdf,b45bfe49a9c1a87a2c90e3878e8754a9819f8bde4717653d6fb44fa920ff1e90,483f0f0
eviddie-19940419-19940419,19940419,19940419,rare,test2,0,EviDDIE,The risk or severity of QTc prolongation and hypotension increase,DB00199,DB09230,1,0,0.49963307,0.99805707,0.00268205,0.00121142,043a9f44df69ff0308290a38212c3d66b8c0d376028dc9fdea55ae61f1a7a5e4,e62f8a6f32803faa0a30e452fc6487a96ed8c9d9fca0ab49a588ea55f7a68cdf,b45bfe49a9c1a87a2c90e3878e8754a9819f8bde4717653d6fb44fa920ff1e90,483f0f0
eviddie-19940419-19940419,19940419,19940419,rare,test2,0,EviDDIE,The risk or severity of QTc prolongation and hypotension increase,DB00199,DB09231,1,1,0.56460768,0.87076974,1.712e-05,0.29680127,043a9f44df69ff0308290a38212c3d66b8c0d376028dc9fdea55ae61f1a7a5e4,e62f8a6f32803faa0a30e452fc6487a96ed8c9d9fca0ab49a588ea55f7a68cdf,b45bfe49a9c1a87a2c90e3878e8754a9819f8bde4717653d6fb44fa920ff1e90,483f0f0
eviddie-19940419-19940419,19940419,19940419,rare,test2,0,EviDDIE,The risk or severity of QTc prolongation and hypotension increase,DB00199,DB09232,1,1,0.5047636,0.9903599,0.00011387,0.01935386,043a9f44df69ff0308290a38212c3d66b8c0d376028dc9fdea55ae61f1a7a5e4,e62f8a6f32803faa0a30e452fc6487a96ed8c9d9fca0ab49a588ea55f7a68cdf,b45bfe49a9c1a87a2c90e3878e8754a9819f8bde4717653d6fb44fa920ff1e90,483f0f0
eviddie-19940419-19940419,19940419,19940419,rare,test2,0,EviDDIE,The risk or severity of QTc prolongation and hypotension increase,DB00199,DB09235,1,1,0.50240177,0.99508399,0.00011285,0.00976758,043a9f44df69ff0308290a38212c3d66b8c0d376028dc9fdea55ae61f1a7a5e4,e62f8a6f32803faa0a30e452fc6487a96ed8c9d9fca0ab49a588ea55f7a68cdf,b45bfe49a9c1a87a2c90e3878e8754a9819f8bde4717653d6fb44fa920ff1e90,483f0f0
eviddie-19940419-19940419,19940419,19940419,rare,test2,0,EviDDIE,The risk or severity of QTc prolongation and hypotension increase,DB00199,DB09236,1,1,0.50163215,0.99487573,0.00186955,0.00843181,043a9f44df69ff0308290a38212c3d66b8c0d376028dc9fdea55ae61f1a7a5e4,e62f8a6f32803faa0a30e452fc6487a96ed8c9d9fca0ab49a588ea55f7a68cdf,b45bfe49a9c1a87a2c90e3878e8754a9819f8bde4717653d6fb44fa920ff1e90,483f0f0
eviddie-19940419-19940419,19940419,19940419,rare,test2,0,EviDDIE,The risk or severity of QTc prolongation and hypotension increase,DB00199,DB09238,1,1,0.54615778,0.90760911,8.299e-05,0.20350888,043a9f44df69ff0308290a38212c3d66b8c0d376028dc9fdea55ae61f1a7a5e4,e62f8a6f32803faa0a30e452fc6487a96ed8c9d9fca0ab49a588ea55f7a68cdf,b45bfe49a9c1a87a2c90e3878e8754a9819f8bde4717653d6fb44fa920ff1e90,483f0f0
eviddie-19940419-19940419,19940419,19940419,rare,test2,0,EviDDIE,The risk or severity of QTc prolongation and hypotension increase,DB00199,DB09239,1,1,0.6928432,0.61431342,2e-07,1.25566661,043a9f44df69ff0308290a38212c3d66b8c0d376028dc9fdea55ae61f1a7a5e4,e62f8a6f32803faa0a30e452fc6487a96ed8c9d9fca0ab49a588ea55f7a68cdf,b45bfe49a9c1a87a2c90e3878e8754a9819f8bde4717653d6fb44fa920ff1e90,483f0f0
eviddie-19940419-19940419,19940419,19940419,rare,test2,0,EviDDIE,The risk or severity of QTc prolongation and hypotension increase,DB00199,DB12093,1,1,0.50794762,0.98339635,0.00072043,0.03304758,043a9f44df69ff0308290a38212c3d66b8c0d376028dc9fdea55ae61f1a7a5e4,e62f8a6f32803faa0a30e452fc6487a96ed8c9d9fca0ab49a588ea55f7a68cdf,b45bfe49a9c1a87a2c90e3878e8754a9819f8bde4717653d6fb44fa920ff1e90,483f0f0
eviddie-19940419-19940419,19940419,19940419,rare,test2,0,EviDDIE,The risk or severity of QTc prolongation and hypotension increase,DB00199,DB14063,1,0,0.49642688,0.99280965,0.01444037,4.444e-05,043a9f44df69ff0308290a38212c3d66b8c0d376028dc9fdea55ae61f1a7a5e4,e62f8a6f32803faa0a30e452fc6487a96ed8c9d9fca0ab49a588ea55f7a68cdf,b45bfe49a9c1a87a2c90e3878e8754a9819f8bde4717653d6fb44fa920ff1e90,483f0f0
eviddie-19940419-19940419,19940419,19940419,rare,test2,0,EviDDIE,The risk or severity of QTc prolongation and hypotension increase,DB00199,DB14064,1,0,0.49537945,0.99071103,0.01870371,4.831e-05,043a9f44df69ff0308290a38212c3d66b8c0d376028dc9fdea55ae61f1a7a5e4,e62f8a6f32803faa0a30e452fc6487a96ed8c9d9fca0ab49a588ea55f7a68cdf,b45bfe49a9c1a87a2c90e3878e8754a9819f8bde4717653d6fb44fa920ff1e90,483f0f0
eviddie-19940419-19940419,19940419,19940419,rare,test2,0,EviDDIE,The risk or severity of QTc prolongation and hypotension increase,DB00199,DB14065,1,0,0.49606121,0.99207181,0.01593195,5.1e-05,043a9f44df69ff0308290a38212c3d66b8c0d376028dc9fdea55ae61f1a7a5e4,e62f8a6f32803faa0a30e452fc6487a96ed8c9d9fca0ab49a588ea55f7a68cdf,b45bfe49a9c1a87a2c90e3878e8754a9819f8bde4717653d6fb44fa920ff1e90,483f0f0
eviddie-19940419-19940419,19940419,19940419,rare,test2,0,EviDDIE,The risk or severity of QTc prolongation and hypotension increase,DB00199,DB14066,1,0,0.49595374,0.99185902,0.01636673,4.882e-05,043a9f44df69ff0308290a38212c3d66b8c0d376028dc9fdea55ae61f1a7a5e4,e62f8a6f32803faa0a30e452fc6487a96ed8c9d9fca0ab49a588ea55f7a68cdf,b45bfe49a9c1a87a2c90e3878e8754a9819f8bde4717653d6fb44fa920ff1e90,483f0f0
eviddie-19940419-19940419,19940419,19940419,rare,test2,0,EviDDIE,The risk or severity of QTc prolongation and hypotension increase,DB00199,DB14068,1,0,0.49735278,0.99466938,0.01068183,3.637e-05,043a9f44df69ff0308290a38212c3d66b8c0d376028dc9fdea55ae61f1a7a5e4,e62f8a6f32803faa0a30e452fc6487a96ed8c9d9fca0ab49a588ea55f7a68cdf,b45bfe49a9c1a87a2c90e3878e8754a9819f8bde4717653d6fb44fa920ff1e90,483f0f0
eviddie-19940419-19940419,19940419,19940419,rare,test2,0,EviDDIE,The risk or severity of QTc prolongation and hypotension increase,DB00199,DB01136,1,1,0.67541492,0.64916998,2.1e-07,1.08085704,043a9f44df69ff0308290a38212c3d66b8c0d376028dc9fdea55ae61f1a7a5e4,e62f8a6f32803faa0a30e452fc6487a96ed8c9d9fca0ab49a588ea55f7a68cdf,b45bfe49a9c1a87a2c90e3878e8754a9819f8bde4717653d6fb44fa920ff1e90,483f0f0
eviddie-19940419-19940419,19940419,19940419,rare,test2,0,EviDDIE,The risk or severity of QTc prolongation and hypotension increase,DB00199,DB00593,1,0,0.48766592,0.97313547,0.05295529,0.00225701,043a9f44df69ff0308290a38212c3d66b8c0d376028dc9fdea55ae61f1a7a5e4,e62f8a6f32803faa0a30e452fc6487a96ed8c9d9fca0ab49a588ea55f7a68cdf,b45bfe49a9c1a87a2c90e3878e8754a9819f8bde4717653d6fb44fa920ff1e90,483f0f0
eviddie-19940419-19940419,19940419,19940419,rare,test2,0,EviDDIE,The risk or severity of QTc prolongation and hypotension increase,DB01211,DB00393,1,0,0.49800634,0.99452269,0.00951673,0.00149827,043a9f44df69ff0308290a38212c3d66b8c0d376028dc9fdea55ae61f1a7a5e4,e62f8a6f32803faa0a30e452fc6487a96ed8c9d9fca0ab49a588ea55f7a68cdf,b45bfe49a9c1a87a2c90e3878e8754a9819f8bde4717653d6fb44fa920ff1e90,483f0f0
eviddie-19940419-19940419,19940419,19940419,rare,test2,0,EviDDIE,The risk or severity of QTc prolongation and hypotension increase,DB01211,DB00555,1,0,0.47994483,0.95925772,0.08428665,0.00065879,043a9f44df69ff0308290a38212c3d66b8c0d376028dc9fdea55ae61f1a7a5e4,e62f8a6f32803faa0a30e452fc6487a96ed8c9d9fca0ab49a588ea55f7a68cdf,b45bfe49a9c1a87a2c90e3878e8754a9819f8bde4717653d6fb44fa920ff1e90,483f0f0
eviddie-19940419-19940419,19940419,19940419,rare,test2,0,EviDDIE,The risk or severity of QTc prolongation and hypotension increase,DB01211,DB00593,1,0,0.36384448,0.72756648,0.74872136,0.00016836,043a9f44df69ff0308290a38212c3d66b8c0d376028dc9fdea55ae61f1a7a5e4,e62f8a6f32803faa0a30e452fc6487a96ed8c9d9fca0ab49a588ea55f7a68cdf,b45bfe49a9c1a87a2c90e3878e8754a9819f8bde4717653d6fb44fa920ff1e90,483f0f0
eviddie-19940419-19940419,19940419,19940419,rare,test2,0,EviDDIE,The risk or severity of QTc prolongation and hypotension increase,DB01211,DB01136,1,1,0.64101523,0.71796924,4.6e-07,0.78563434,043a9f44df69ff0308290a38212c3d66b8c0d376028dc9fdea55ae61f1a7a5e4,e62f8a6f32803faa0a30e452fc6487a96ed8c9d9fca0ab49a588ea55f7a68cdf,b45bfe49a9c1a87a2c90e3878e8754a9819f8bde4717653d6fb44fa920ff1e90,483f0f0
eviddie-19940419-19940419,19940419,19940419,rare,test2,0,EviDDIE,The risk or severity of QTc prolongation and hypotension increase,DB01211,DB05246,1,1,0.51310593,0.97351843,0.00027687,0.05412673,043a9f44df69ff0308290a38212c3d66b8c0d376028dc9fdea55ae61f1a7a5e4,e62f8a6f32803faa0a30e452fc6487a96ed8c9d9fca0ab49a588ea55f7a68cdf,b45bfe49a9c1a87a2c90e3878e8754a9819f8bde4717653d6fb44fa920ff1e90,483f0f0
eviddie-19940419-19940419,19940419,19940419,rare,test2,0,EviDDIE,The risk or severity of QTc prolongation and hypotension increase,DB01211,DB04743,1,1,0.70745426,0.58509153,3e-08,1.41826856,043a9f44df69ff0308290a38212c3d66b8c0d376028dc9fdea55ae61f1a7a5e4,e62f8a6f32803faa0a30e452fc6487a96ed8c9d9fca0ab49a588ea55f7a68cdf,b45bfe49a9c1a87a2c90e3878e8754a9819f8bde4717653d6fb44fa920ff1e90,483f0f0
eviddie-19940419-19940419,19940419,19940419,rare,test2,0,EviDDIE,The risk or severity of QTc prolongation and hypotension increase,DB01211,DB04838,1,0,0.49642062,0.98659027,0.02084788,0.006336,043a9f44df69ff0308290a38212c3d66b8c0d376028dc9fdea55ae61f1a7a5e4,e62f8a6f32803faa0a30e452fc6487a96ed8c9d9fca0ab49a588ea55f7a68cdf,b45bfe49a9c1a87a2c90e3878e8754a9819f8bde4717653d6fb44fa920ff1e90,483f0f0
eviddie-19940419-19940419,19940419,19940419,rare,test2,0,EviDDIE,The risk or severity of QTc prolongation and hypotension increase,DB01211,DB04841,1,0,0.47116864,0.94187486,0.12293343,0.00049096,043a9f44df69ff0308290a38212c3d66b8c0d376028dc9fdea55ae61f1a7a5e4,e62f8a6f32803faa0a30e452fc6487a96ed8c9d9fca0ab49a588ea55f7a68cdf,b45bfe49a9c1a87a2c90e3878e8754a9819f8bde4717653d6fb44fa920ff1e90,483f0f0
eviddie-19940419-19940419,19940419,19940419,rare,test2,0,EviDDIE,The risk or severity of QTc prolongation and hypotension increase,DB01211,DB05885,1,1,0.50459534,0.98927808,0.00154784,0.02012847,043a9f44df69ff0308290a38212c3d66b8c0d376028dc9fdea55ae61f1a7a5e4,e62f8a6f32803faa0a30e452fc6487a96ed8c9d9fca0ab49a588ea55f7a68cdf,b45bfe49a9c1a87a2c90e3878e8754a9819f8bde4717653d6fb44fa920ff1e90,483f0f0
eviddie-19940419-19940419,19940419,19940419,rare,test2,0,EviDDIE,The risk or severity of QTc prolongation and hypotension increase,DB01211,DB06152,1,0,0.49510223,0.98864156,0.02139701,0.00158082,043a9f44df69ff0308290a38212c3d66b8c0d376028dc9fdea55ae61f1a7a5e4,e62f8a6f32803faa0a30e452fc6487a96ed8c9d9fca0ab49a588ea55f7a68cdf,b45bfe49a9c1a87a2c90e3878e8754a9819f8bde4717653d6fb44fa920ff1e90,483f0f0
eviddie-19940419-19940419,19940419,19940419,rare,test2,0,EviDDIE,The risk or severity of QTc prolongation and hypotension increase,DB01211,DB06446,1,0,0.49498478,0.98980838,0.02043043,0.00016287,043a9f44df69ff0308290a38212c3d66b8c0d376028dc9fdea55ae61f1a7a5e4,e62f8a6f32803faa0a30e452fc6487a96ed8c9d9fca0ab49a588ea55f7a68cdf,b45bfe49a9c1a87a2c90e3878e8754a9819f8bde4717653d6fb44fa920ff1e90,483f0f0
eviddie-19940419-19940419,19940419,19940419,rare,test2,0,EviDDIE,The risk or severity of QTc prolongation and hypotension increase,DB01211,DB07615,1,0,0.49024767,0.97726089,0.04322684,0.00330976,043a9f44df69ff0308290a38212c3d66b8c0d376028dc9fdea55ae61f1a7a5e4,e62f8a6f32803faa0a30e452fc6487a96ed8c9d9fca0ab49a588ea55f7a68cdf,b45bfe49a9c1a87a2c90e3878e8754a9819f8bde4717653d6fb44fa920ff1e90,483f0f0
eviddie-19940419-19940419,19940419,19940419,rare,test2,0,EviDDIE,The risk or severity of QTc prolongation and hypotension increase,DB01211,DB08838,1,1,0.50136524,0.99670732,0.00056399,0.00604308,043a9f44df69ff0308290a38212c3d66b8c0d376028dc9fdea55ae61f1a7a5e4,e62f8a6f32803faa0a30e452fc6487a96ed8c9d9fca0ab49a588ea55f7a68cdf,b45bfe49a9c1a87a2c90e3878e8754a9819f8bde4717653d6fb44fa920ff1e90,483f0f0
eviddie-19940419-19940419,19940419,19940419,rare,test2,0,EviDDIE,The risk or severity of QTc prolongation and hypotension increase,DB01211,DB09216,1,1,0.68179232,0.6364153,1e-07,1.14260197,043a9f44df69ff0308290a38212c3d66b8c0d376028dc9fdea55ae61f1a7a5e4,e62f8a6f32803faa0a30e452fc6487a96ed8c9d9fca0ab49a588ea55f7a68cdf,b45bfe49a9c1a87a2c90e3878e8754a9819f8bde4717653d6fb44fa920ff1e90,483f0f0
eviddie-19940419-19940419,19940419,19940419,rare,test2,0,EviDDIE,The risk or severity of QTc prolongation and hypotension increase,DB01211,DB09230,1,0,0.48930123,0.97849244,0.04384828,0.00011247,043a9f44df69ff0308290a38212c3d66b8c0d376028dc9fdea55ae61f1a7a5e4,e62f8a6f32803faa0a30e452fc6487a96ed8c9d9fca0ab49a588ea55f7a68cdf,b45bfe49a9c1a87a2c90e3878e8754a9819f8bde4717653d6fb44fa920ff1e90,483f0f0
eviddie-19940419-19940419,19940419,19940419,rare,test2,0,EviDDIE,The risk or severity of QTc prolongation and hypotension increase,DB01211,DB09232,1,1,0.5003565,0.99909341,0.00019378,0.00162101,043a9f44df69ff0308290a38212c3d66b8c0d376028dc9fdea55ae61f1a7a5e4,e62f8a6f32803faa0a30e452fc6487a96ed8c9d9fca0ab49a588ea55f7a68cdf,b45bfe49a9c1a87a2c90e3878e8754a9819f8bde4717653d6fb44fa920ff1e90,483f0f0
eviddie-19940419-19940419,19940419,19940419,rare,test2,0,EviDDIE,The risk or severity of QTc prolongation and hypotension increase,DB01211,DB09238,1,1,0.50405991,0.99175304,0.00012843,0.01650287,043a9f44df69ff0308290a38212c3d66b8c0d376028dc9fdea55ae61f1a7a5e4,e62f8a6f32803faa0a30e452fc6487a96ed8c9d9fca0ab49a588ea55f7a68cdf,b45bfe49a9c1a87a2c90e3878e8754a9819f8bde4717653d6fb44fa920ff1e90,483f0f0
eviddie-19940419-19940419,19940419,19940419,rare,test2,0,EviDDIE,The risk or severity of QTc prolongation and hypotension increase,DB01211,DB14063,1,0,0.49615675,0.99205923,0.01575226,0.00025629,043a9f44df69ff0308290a38212c3d66b8c0d376028dc9fdea55ae61f1a7a5e4,e62f8a6f32803faa0a30e452fc6487a96ed8c9d9fca0ab49a588ea55f7a68cdf,b45bfe49a9c1a87a2c90e3878e8754a9819f8bde4717653d6fb44fa920ff1e90,483f0f0
eviddie-19940419-19940419,19940419,19940419,rare,test2,0,EviDDIE,The risk or severity of QTc prolongation and hypotension increase,DB01211,DB14064,1,0,0.49498689,0.98971283,0.02052451,0.00026369,043a9f44df69ff0308290a38212c3d66b8c0d376028dc9fdea55ae61f1a7a5e4,e62f8a6f32803faa0a30e452fc6487a96ed8c9d9fca0ab49a588ea55f7a68cdf,b45bfe49a9c1a87a2c90e3878e8754a9819f8bde4717653d6fb44fa920ff1e90,483f0f0
eviddie-19940419-19940419,19940419,19940419,rare,test2,0,EviDDIE,The risk or severity of QTc prolongation and hypotension increase,DB01211,DB14065,1,0,0.49557653,0.99089855,0.01811319,0.00025689,043a9f44df69ff0308290a38212c3d66b8c0d376028dc9fdea55ae61f1a7a5e4,e62f8a6f32803faa0a30e452fc6487a96ed8c9d9fca0ab49a588ea55f7a68cdf,b45bfe49a9c1a87a2c90e3878e8754a9819f8bde4717653d6fb44fa920ff1e90,483f0f0
eviddie-19940419-19940419,19940419,19940419,rare,test2,0,EviDDIE,The risk or severity of QTc prolongation and hypotension increase,DB01211,DB14066,1,0,0.49552366,0.99079716,0.01832402,0.00025254,043a9f44df69ff0308290a38212c3d66b8c0d376028dc9fdea55ae61f1a7a5e4,e62f8a6f32803faa0a30e452fc6487a96ed8c9d9fca0ab49a588ea55f7a68cdf,b45bfe49a9c1a87a2c90e3878e8754a9819f8bde4717653d6fb44fa920ff1e90,483f0f0
eviddie-19940419-19940419,19940419,19940419,rare,test2,0,EviDDIE,The risk or severity of QTc prolongation and hypotension increase,DB01211,DB14068,1,0,0.49699628,0.99380279,0.01228074,0.00019097,043a9f44df69ff0308290a38212c3d66b8c0d376028dc9fdea55ae61f1a7a5e4,e62f8a6f32803faa0a30e452fc6487a96ed8c9d9fca0ab49a588ea55f7a68cdf,b45bfe49a9c1a87a2c90e3878e8754a9819f8bde4717653d6fb44fa920ff1e90,483f0f0
eviddie-19940419-19940419,19940419,19940419,rare,test2,0,EviDDIE,The risk or severity of QTc prolongation and hypotension increase,DB00199,DB08896,0,0,0.42631269,0.85244685,0.34597787,0.0002094,043a9f44df69ff0308290a38212c3d66b8c0d376028dc9fdea55ae61f1a7a5e4,e62f8a6f32803faa0a30e452fc6487a96ed8c9d9fca0ab49a588ea55f7a68cdf,b45bfe49a9c1a87a2c90e3878e8754a9819f8bde4717653d6fb44fa920ff1e90,483f0f0
eviddie-19940419-19940419,19940419,19940419,rare,test2,0,EviDDIE,The risk or severity of QTc prolongation and hypotension increase,DB00199,DB00231,0,0,0.27995646,0.55991292,1.57198405,0.0,043a9f44df69ff0308290a38212c3d66b8c0d376028dc9fdea55ae61f1a7a5e4,e62f8a6f32803faa0a30e452fc6487a96ed8c9d9fca0ab49a588ea55f7a68cdf,b45bfe49a9c1a87a2c90e3878e8754a9819f8bde4717653d6fb44fa920ff1e90,483f0f0
eviddie-19940419-19940419,19940419,19940419,rare,test2,0,EviDDIE,The risk or severity of QTc prolongation and hypotension increase,DB00199,DB09295,0,1,0.56712556,0.86574173,8.12e-06,0.31014952,043a9f44df69ff0308290a38212c3d66b8c0d376028dc9fdea55ae61f1a7a5e4,e62f8a6f32803faa0a30e452fc6487a96ed8c9d9fca0ab49a588ea55f7a68cdf,b45bfe49a9c1a87a2c90e3878e8754a9819f8bde4717653d6fb44fa920ff1e90,483f0f0
eviddie-19940419-19940419,19940419,19940419,rare,test2,0,EviDDIE,The risk or severity of QTc prolongation and hypotension increase,DB00199,DB01122,0,0,0.3860319,0.77036119,0.59397471,0.00221009,043a9f44df69ff0308290a38212c3d66b8c0d376028dc9fdea55ae61f1a7a5e4,e62f8a6f32803faa0a30e452fc6487a96ed8c9d9fca0ab49a588ea55f7a68cdf,b45bfe49a9c1a87a2c90e3878e8754a9819f8bde4717653d6fb44fa920ff1e90,483f0f0
eviddie-19940419-19940419,19940419,19940419,rare,test2,0,EviDDIE,The risk or severity of QTc prolongation and hypotension increase,DB00199,DB00193,0,0,0.47033697,0.93671751,0.13089165,0.00422368,043a9f44df69ff0308290a38212c3d66b8c0d376028dc9fdea55ae61f1a7a5e4,e62f8a6f32803faa0a30e452fc6487a96ed8c9d9fca0ab49a588ea55f7a68cdf,b45bfe49a9c1a87a2c90e3878e8754a9819f8bde4717653d6fb44fa920ff1e90,483f0f0
eviddie-19940419-19940419,19940419,19940419,rare,test2,0,EviDDIE,The risk or severity of QTc prolongation and hypotension increase,DB00199,DB14006,0,0,0.48172855,0.96242291,0.07701395,0.00107459,043a9f44df69ff0308290a38212c3d66b8c0d376028dc9fdea55ae61f1a7a5e4,e62f8a6f32803faa0a30e452fc6487a96ed8c9d9fca0ab49a588ea55f7a68cdf,b45bfe49a9c1a87a2c90e3878e8754a9819f8bde4717653d6fb44fa920ff1e90,483f0f0
eviddie-19940419-19940419,19940419,19940419,rare,test2,0,EviDDIE,The risk or severity of QTc prolongation and hypotension increase,DB00199,DB01582,0,1,0.58811319,0.82376289,1.3e-05,0.42787009,043a9f44df69ff0308290a38212c3d66b8c0d376028dc9fdea55ae61f1a7a5e4,e62f8a6f32803faa0a30e452fc6487a96ed8c9d9fca0ab49a588ea55f7a68cdf,b45bfe49a9c1a87a2c90e3878e8754a9819f8bde4717653d6fb44fa920ff1e90,483f0f0
eviddie-19940419-19940419,19940419,19940419,rare,test2,0,EviDDIE,The risk or severity of QTc prolongation and hypotension increase,DB00199,DB00233,0,0,0.49387771,0.97595292,0.03718582,0.01209326,043a9f44df69ff0308290a38212c3d66b8c0d376028dc9fdea55ae61f1a7a5e4,e62f8a6f32803faa0a30e452fc6487a96ed8c9d9fca0ab49a588ea55f7a68cdf,b45bfe49a9c1a87a2c90e3878e8754a9819f8bde4717653d6fb44fa920ff1e90,483f0f0
eviddie-19940419-19940419,19940419,19940419,rare,test2,0,EviDDIE,The risk or severity of QTc prolongation and hypotension increase,DB00199,DB04817,0,1,0.54248327,0.91502929,4.38e-06,0.18571782,043a9f44df69ff0308290a38212c3d66b8c0d376028dc9fdea55ae61f1a7a5e4,e62f8a6f32803faa0a30e452fc6487a96ed8c9d9fca0ab49a588ea55f7a68cdf,b45bfe49a9c1a87a2c90e3878e8754a9819f8bde4717653d6fb44fa920ff1e90,483f0f0
eviddie-19940419-19940419,19940419,19940419,rare,test2,0,EviDDIE,The risk or severity of QTc prolongation and hypotension increase,DB00199,DB00418,0,0,0.3696197,0.73923928,0.70548397,1.1e-07,043a9f44df69ff0308290a38212c3d66b8c0d376028dc9fdea55ae61f1a7a5e4,e62f8a6f32803faa0a30e452fc6487a96ed8c9d9fca0ab49a588ea55f7a68cdf,b45bfe49a9c1a87a2c90e3878e8754a9819f8bde4717653d6fb44fa920ff1e90,483f0f0
eviddie-19940419-19940419,19940419,19940419,rare,test2,0,EviDDIE,The risk or severity of QTc prolongation and hypotension increase,DB00199,DB00690,0,0,0.28878137,0.57756275,1.46282732,0.0,043a9f44df69ff0308290a38212c3d66b8c0d376028dc9fdea55ae61f1a7a5e4,e62f8a6f32803faa0a30e452fc6487a96ed8c9d9fca0ab49a588ea55f7a68cdf,b45bfe49a9c1a87a2c90e3878e8754a9819f8bde4717653d6fb44fa920ff1e90,483f0f0
eviddie-19940419-19940419,19940419,19940419,rare,test2,0,EviDDIE,The risk or severity of QTc prolongation and hypotension increase,DB00199,DB01028,0,0,0.33142379,0.66284585,1.01729012,2.57e-06,043a9f44df69ff0308290a38212c3d66b8c0d376028dc9fdea55ae61f1a7a5e4,e62f8a6f32803faa0a30e452fc6487a96ed8c9d9fca0ab49a588ea55f7a68cdf,b45bfe49a9c1a87a2c90e3878e8754a9819f8bde4717653d6fb44fa920ff1e90,483f0f0
eviddie-19940419-19940419,19940419,19940419,rare,test2,0,EviDDIE,The risk or severity of QTc prolongation and hypotension increase,DB00199,DB01047,0,0,0.49490508,0.98934478,0.02106958,0.00047041,043a9f44df69ff0308290a38212c3d66b8c0d376028dc9fdea55ae61f1a7a5e4,e62f8a6f32803faa0a30e452fc6487a96ed8c9d9fca0ab49a588ea55f7a68cdf,b45bfe49a9c1a87a2c90e3878e8754a9819f8bde4717653d6fb44fa920ff1e90,483f0f0
eviddie-19940419-19940419,19940419,19940419,rare,test2,0,EviDDIE,The risk or severity of QTc prolongation and hypotension increase,DB00199,DB00860,0,0,0.49388593,0.98757267,0.02496563,0.00020166,043a9f44df69ff0308290a38212c3d66b8c0d376028dc9fdea55ae61f1a7a5e4,e62f8a6f32803faa0a30e452fc6487a96ed8c9d9fca0ab49a588ea55f7a68cdf,b45bfe49a9c1a87a2c90e3878e8754a9819f8bde4717653d6fb44fa920ff1e90,483f0f0
eviddie-19940419-19940419,19940419,19940419,rare,test2,0,EviDDIE,The risk or severity of QTc prolongation and hypotension increase,DB00199,DB00881,0,1,0.69264686,0.61470628,2e-08,1.25358617,043a9f44df69ff0308290a38212c3d66b8c0d376028dc9fdea55ae61f1a7a5e4,e62f8a6f32803faa0a30e452fc6487a96ed8c9d9fca0ab49a588ea55f7a68cdf,b45bfe49a9c1a87a2c90e3878e8754a9819f8bde4717653d6fb44fa920ff1e90,483f0f0
eviddie-19940419-19940419,19940419,19940419,rare,test2,0,EviDDIE,The risk or severity of QTc prolongation and hypotension increase,DB00199,DB09053,0,0,0.29729509,0.59456515,1.36376095,4.206e-05,043a9f44df69ff0308290a38212c3d66b8c0d376028dc9fdea55ae61f1a7a5e4,e62f8a6f32803faa0a30e452fc6487a96ed8c9d9fca0ab49a588ea55f7a68cdf,b45bfe49a9c1a87a2c90e3878e8754a9819f8bde4717653d6fb44fa920ff1e90,483f0f0
eviddie-19940419-19940419,19940419,19940419,rare,test2,0,EviDDIE,The risk or severity of QTc prolongation and hypotension increase,DB00199,DB00476,0,1,0.52938312,0.94035512,0.00093431,0.12592171,043a9f44df69ff0308290a38212c3d66b8c0d376028dc9fdea55ae61f1a7a5e4,e62f8a6f32803faa0a30e452fc6487a96ed8c9d9fca0ab49a588ea55f7a68cdf,b45bfe49a9c1a87a2c90e3878e8754a9819f8bde4717653d6fb44fa920ff1e90,483f0f0
eviddie-19940419-19940419,19940419,19940419,rare,test2,0,EviDDIE,The risk or severity of QTc prolongation and hypotension increase,DB00199,DB06292,0,1,0.51527518,0.96840656,0.0010771,0.06417117,043a9f44df69ff0308290a38212c3d66b8c0d376028dc9fdea55ae61f1a7a5e4,e62f8a6f32803faa0a30e452fc6487a96ed8c9d9fca0ab49a588ea55f7a68cdf,b45bfe49a9c1a87a2c90e3878e8754a9819f8bde4717653d6fb44fa920ff1e90,483f0f0
eviddie-19940419-19940419,19940419,19940419,rare,test2,0,EviDDIE,The risk or severity of QTc prolongation and hypotension increase,DB00199,DB00497,0,0,0.32761961,0.65523827,1.05232334,1.49e-06,043a9f44df69ff0308290a38212c3d66b8c0d376028dc9fdea55ae61f1a7a5e4,e62f8a6f32803faa0a30e452fc6487a96ed8c9d9fca0ab49a588ea55f7a68cdf,b45bfe49a9c1a87a2c90e3878e8754a9819f8bde4717653d6fb44fa920ff1e90,483f0f0
eviddie-19940419-19940419,19940419,19940419,rare,test2,0,EviDDIE,The risk or severity of QTc prolongation and hypotension increase,DB00199,DB01319,0,0,0.49186602,0.982566,0.03429997,0.00118667,043a9f44df69ff0308290a38212c3d66b8c0d376028dc9fdea55ae61f1a7a5e4,e62f8a6f32803faa0a30e452fc6487a96ed8c9d9fca0ab49a588ea55f7a68cdf,b45bfe49a9c1a87a2c90e3878e8754a9819f8bde4717653d6fb44fa920ff1e90,483f0f0
eviddie-19940419-19940419,19940419,19940419,rare,test2,0,EviDDIE,The risk or severity of QTc prolongation and hypotension increase,DB00199,DB06713,0,0,0.32272208,0.64536107,1.09891152,0.00012873,043a9f44df69ff0308290a38212c3d66b8c0d376028dc9fdea55ae61f1a7a5e4,e62f8a6f32803faa0a30e452fc6487a96ed8c9d9fca0ab49a588ea55f7a68cdf,b45bfe49a9c1a87a2c90e3878e8754a9819f8bde4717653d6fb44fa920ff1e90,483f0f0
eviddie-19940419-19940419,19940419,19940419,rare,test2,0,EviDDIE,The risk or severity of QTc prolongation and hypotension increase,DB00199,DB00788,0,1,0.50463653,0.98840046,0.00235383,0.02111762,043a9f44df69ff0308290a38212c3d66b8c0d376028dc9fdea55ae61f1a7a5e4,e62f8a6f32803faa0a30e452fc6487a96ed8c9d9fca0ab49a588ea55f7a68cdf,b45bfe49a9c1a87a2c90e3878e8754a9819f8bde4717653d6fb44fa920ff1e90,483f0f0
eviddie-19940419-19940419,19940419,19940419,rare,test2,0,EviDDIE,The risk or severity of QTc prolongation and hypotension increase,DB00199,DB00533,0,1,0.52513009,0.94952583,0.00022531,0.10608912,043a9f44df69ff0308290a38212c3d66b8c0d376028dc9fdea55ae61f1a7a5e4,e62f8a6f32803faa0a30e452fc6487a96ed8c9d9fca0ab49a588ea55f7a68cdf,b45bfe49a9c1a87a2c90e3878e8754a9819f8bde4717653d6fb44fa920ff1e90,483f0f0
eviddie-19940419-19940419,19940419,19940419,rare,test2,0,EviDDIE,The risk or severity of QTc prolongation and hypotension increase,DB00199,DB06589,0,0,0.40400386,0.8077814,0.4756372,0.00028016,043a9f44df69ff0308290a38212c3d66b8c0d376028dc9fdea55ae61f1a7a5e4,e62f8a6f32803faa0a30e452fc6487a96ed8c9d9fca0ab49a588ea55f7a68cdf,b45bfe49a9c1a87a2c90e3878e8754a9819f8bde4717653d6fb44fa920ff1e90,483f0f0
eviddie-19940419-19940419,19940419,19940419,rare,test2,0,EviDDIE,The risk or severity of QTc prolongation and hypotension increase,DB00199,DB01118,0,0,0.47658491,0.95315039,0.09828427,2.044e-05,043a9f44df69ff0308290a38212c3d66b8c0d376028dc9fdea55ae61f1a7a5e4,e62f8a6f32803faa0a30e452fc6487a96ed8c9d9fca0ab49a588ea55f7a68cdf,b45bfe49a9c1a87a2c90e3878e8754a9819f8bde4717653d6fb44fa920ff1e90,483f0f0
eviddie-19940419-19940419,19940419,19940419,rare,test2,0,EviDDIE,The risk or severity of QTc prolongation and hypotension increase,DB00199,DB01577,0,1,0.64380449,0.71238714,5.66e-06,0.80745679,043a9f44df69ff0308290a38212c3d66b8c0d376028dc9fdea55ae61f1a7a5e4,e62f8a6f32803faa0a30e452fc6487a96ed8c9d9fca0ab49a588ea55f7a68cdf,b45bfe49a9c1a87a2c90e3878e8754a9819f8bde4717653d6fb44fa920ff1e90,483f0f0
eviddie-19940419-19940419,19940419,19940419,rare,test2,0,EviDDIE,The risk or severity of QTc prolongation and hypotension increase,DB00199,DB00865,0,1,0.64702362,0.70594883,5.35e-06,0.83306098,043a9f44df69ff0308290a38212c3d66b8c0d376028dc9fdea55ae61f1a7a5e4,e62f8a6f32803faa0a30e452fc6487a96ed8c9d9fca0ab49a588ea55f7a68cdf,b45bfe49a9c1a87a2c90e3878e8754a9819f8bde4717653d6fb44fa920ff1e90,483f0f0
eviddie-19940419-19940419,19940419,19940419,rare,test2,0,EviDDIE,The risk or severity of QTc prolongation and hypotension increase,DB00199,DB00810,0,0,0.49859297,0.99624938,0.00658943,0.00094014,043a9f44df69ff0308290a38212c3d66b8c0d376028dc9fdea55ae61f1a7a5e4,e62f8a6f32803faa0a30e452fc6487a96ed8c9d9fca0ab49a588ea55f7a68cdf,b45bfe49a9c1a87a2c90e3878e8754a9819f8bde4717653d6fb44fa920ff1e90,483f0f0
eviddie-19940419-19940419,19940419,19940419,rare,test2,0,EviDDIE,The risk or severity of QTc prolongation and hypotension increase,DB00199,DB05015,0,0,0.2814762,0.56294942,1.55271184,5.39e-06,043a9f44df69ff0308290a38212c3d66b8c0d376028dc9fdea55ae61f1a7a5e4,e62f8a6f32803faa0a30e452fc6487a96ed8c9d9fca0ab49a588ea55f7a68cdf,b45bfe49a9c1a87a2c90e3878e8754a9819f8bde4717653d6fb44fa920ff1e90,483f0f0
eviddie-19940419-19940419,19940419,19940419,rare,test2,0,EviDDIE,The risk or severity of QTc prolongation and hypotension increase,DB00199,DB00887,0,1,0.55038476,0.89907044,0.00017787,0.22434172,043a9f44df69ff0308290a38212c3d66b8c0d376028dc9fdea55ae61f1a7a5e4,e62f8a6f32803faa0a30e452fc6487a96ed8c9d9fca0ab49a588ea55f7a68cdf,b45bfe49a9c1a87a2c90e3878e8754a9819f8bde4717653d6fb44fa920ff1e90,483f0f0
eviddie-19940419-19940419,19940419,19940419,rare,test2,0,EviDDIE,The risk or severity of QTc prolongation and hypotension increase,DB00199,DB12332,0,0,0.37664658,0.75321889,0.65517199,9.857e-05,043a9f44df69ff0308290a38212c3d66b8c0d376028dc9fdea55ae61f1a7a5e4,e62f8a6f32803faa0a30e452fc6487a96ed8c9d9fca0ab49a588ea55f7a68cdf,b45bfe49a9c1a87a2c90e3878e8754a9819f8bde4717653d6fb44fa920ff1e90,483f0f0
eviddie-19940419-19940419,19940419,19940419,rare,test2,0,EviDDIE,The risk or severity of QTc prolongation and hypotension increase,DB00199,DB05351,0,1,0.50578368,0.98825908,0.00017576,0.02358517,043a9f44df69ff0308290a38212c3d66b8c0d376028dc9fdea55ae61f1a7a5e4,e62f8a6f32803faa0a30e452fc6487a96ed8c9d9fca0ab49a588ea55f7a68cdf,b45bfe49a9c1a87a2c90e3878e8754a9819f8bde4717653d6fb44fa920ff1e90,483f0f0
eviddie-19940419-19940419,19940419,19940419,rare,test2,0,EviDDIE,The risk or severity of QTc prolongation and hypotension increase,DB00199,DB11921,0,0,0.405902,0.81175894,0.46372998,5.557e-05,043a9f44df69ff0308290a38212c3d66b8c0d376028dc9fdea55ae61f1a7a5e4,e62f8a6f32803faa0a30e452fc6487a96ed8c9d9fca0ab49a588ea55f7a68cdf,b45bfe49a9c1a87a2c90e3878e8754a9819f8bde4717653d6fb44fa920ff1e90,483f0f0
eviddie-19940419-19940419,19940419,19940419,rare,test2,0,EviDDIE,The risk or severity of QTc prolongation and hypotension increase,DB00199,DB00706,0,1,0.71083295,0.57833409,0.0,1.45820856,043a9f44df69ff0308290a38212c3d66b8c0d376028dc9fdea55ae61f1a7a5e4,e62f8a6f32803faa0a30e452fc6487a96ed8c9d9fca0ab49a588ea55f7a68cdf,b45bfe49a9c1a87a2c90e3878e8754a9819f8bde4717653d6fb44fa920ff1e90,483f0f0
eviddie-19940419-19940419,19940419,19940419,rare,test2,0,EviDDIE,The risk or severity of QTc prolongation and hypotension increase,DB00199,DB00831,0,0,0.49760455,0.99193478,0.01296053,0.00330085,043a9f44df69ff0308290a38212c3d66b8c0d376028dc9fdea55ae61f1a7a5e4,e62f8a6f32803faa0a30e452fc6487a96ed8c9d9fca0ab49a588ea55f7a68cdf,b45bfe49a9c1a87a2c90e3878e8754a9819f8bde4717653d6fb44fa920ff1e90,483f0f0
eviddie-19940419-19940419,19940419,19940419,rare,test2,0,EviDDIE,The risk or severity of QTc prolongation and hypotension increase,DB00199,DB00497,0,0,0.32761961,0.65523827,1.05232334,1.49e-06,043a9f44df69ff0308290a38212c3d66b8c0d376028dc9fdea55ae61f1a7a5e4,e62f8a6f32803faa0a30e452fc6487a96ed8c9d9fca0ab49a588ea55f7a68cdf,b45bfe49a9c1a87a2c90e3878e8754a9819f8bde4717653d6fb44fa920ff1e90,483f0f0
eviddie-19940419-19940419,19940419,19940419,rare,test2,0,EviDDIE,The risk or severity of QTc prolongation and hypotension increase,DB00199,DB01577,0,1,0.64380449,0.71238714,5.66e-06,0.80745667,043a9f44df69ff0308290a38212c3d66b8c0d376028dc9fdea55ae61f1a7a5e4,e62f8a6f32803faa0a30e452fc6487a96ed8c9d9fca0ab49a588ea55f7a68cdf,b45bfe49a9c1a87a2c90e3878e8754a9819f8bde4717653d6fb44fa920ff1e90,483f0f0
eviddie-19940419-19940419,19940419,19940419,rare,test2,0,EviDDIE,The risk or severity of QTc prolongation and hypotension increase,DB00199,DB06267,0,0,0.49783331,0.9660818,0.03959441,0.03062353,043a9f44df69ff0308290a38212c3d66b8c0d376028dc9fdea55ae61f1a7a5e4,e62f8a6f32803faa0a30e452fc6487a96ed8c9d9fca0ab49a588ea55f7a68cdf,b45bfe49a9c1a87a2c90e3878e8754a9819f8bde4717653d6fb44fa920ff1e90,483f0f0
eviddie-19940419-19940419,19940419,19940419,rare,test2,0,EviDDIE,The risk or severity of QTc prolongation and hypotension increase,DB00199,DB00501,0,0,0.49956888,0.99722606,0.00364631,0.00191695,043a9f44df69ff0308290a38212c3d66b8c0d376028dc9fdea55ae61f1a7a5e4,e62f8a6f32803faa0a30e452fc6487a96ed8c9d9fca0ab49a588ea55f7a68cdf,b45bfe49a9c1a87a2c90e3878e8754a9819f8bde4717653d6fb44fa920ff1e90,483f0f0
eviddie-19940419-19940419,19940419,19940419,rare,test2,0,EviDDIE,The risk or severity of QTc prolongation and hypotension increase,DB00199,DB01254,0,0,0.43441918,0.86824572,0.30281287,0.00068259,043a9f44df69ff0308290a38212c3d66b8c0d376028dc9fdea55ae61f1a7a5e4,e62f8a6f32803faa0a30e452fc6487a96ed8c9d9fca0ab49a588ea55f7a68cdf,b45bfe49a9c1a87a2c90e3878e8754a9819f8bde4717653d6fb44fa920ff1e90,483f0f0
eviddie-19940419-19940419,19940419,19940419,rare,test2,0,EviDDIE,The risk or severity of QTc prolongation and hypotension increase,DB00199,DB01355,0,0,0.34072641,0.68145269,0.93490636,7e-08,043a9f44df69ff0308290a38212c3d66b8c0d376028dc9fdea55ae61f1a7a5e4,e62f8a6f32803faa0a30e452fc6487a96ed8c9d9fca0ab49a588ea55f7a68cdf,b45bfe49a9c1a87a2c90e3878e8754a9819f8bde4717653d6fb44fa920ff1e90,483f0f0
eviddie-19940419-19940419,19940419,19940419,rare,test2,0,EviDDIE,The risk or severity of QTc prolongation and hypotension increase,DB00199,DB09389,0,0,0.31505653,0.63005912,1.17421949,8.563e-05,043a9f44df69ff0308290a38212c3d66b8c0d376028dc9fdea55ae61f1a7a5e4,e62f8a6f32803faa0a30e452fc6487a96ed8c9d9fca0ab49a588ea55f7a68cdf,b45bfe49a9c1a87a2c90e3878e8754a9819f8bde4717653d6fb44fa920ff1e90,483f0f0
eviddie-19940419-19940419,19940419,19940419,rare,test2,0,EviDDIE,The risk or severity of QTc prolongation and hypotension increase,DB01211,DB06713,0,0,0.31315991,0.62628537,1.19337749,5.5e-05,043a9f44df69ff0308290a38212c3d66b8c0d376028dc9fdea55ae61f1a7a5e4,e62f8a6f32803faa0a30e452fc6487a96ed8c9d9fca0ab49a588ea55f7a68cdf,b45bfe49a9c1a87a2c90e3878e8754a9819f8bde4717653d6fb44fa920ff1e90,483f0f0
eviddie-19940419-19940419,19940419,19940419,rare,test2,0,EviDDIE,The risk or severity of QTc prolongation and hypotension increase,DB01211,DB01036,0,0,0.49641654,0.991418,0.01588507,0.00142726,043a9f44df69ff0308290a38212c3d66b8c0d376028dc9fdea55ae61f1a7a5e4,e62f8a6f32803faa0a30e452fc6487a96ed8c9d9fca0ab49a588ea55f7a68cdf,b45bfe49a9c1a87a2c90e3878e8754a9819f8bde4717653d6fb44fa920ff1e90,483f0f0
eviddie-19940419-19940419,19940419,19940419,rare,test2,0,EviDDIE,The risk or severity of QTc prolongation and hypotension increase,DB01211,DB00312,0,0,0.29903841,0.59807682,1.34405208,2e-08,043a9f44df69ff0308290a38212c3d66b8c0d376028dc9fdea55ae61f1a7a5e4,e62f8a6f32803faa0a30e452fc6487a96ed8c9d9fca0ab49a588ea55f7a68cdf,b45bfe49a9c1a87a2c90e3878e8754a9819f8bde4717653d6fb44fa920ff1e90,483f0f0
eviddie-19940419-19940419,19940419,19940419,rare,test2,0,EviDDIE,The risk or severity of QTc prolongation and hypotension increase,DB01211,DB14541,0,1,0.70664883,0.58670235,9e-08,1.40888345,043a9f44df69ff0308290a38212c3d66b8c0d376028dc9fdea55ae61f1a7a5e4,e62f8a6f32803faa0a30e452fc6487a96ed8c9d9fca0ab49a588ea55f7a68cdf,b45bfe49a9c1a87a2c90e3878e8754a9819f8bde4717653d6fb44fa920ff1e90,483f0f0
eviddie-19940419-19940419,19940419,19940419,rare,test2,0,EviDDIE,The risk or severity of QTc prolongation and hypotension increase,DB01211,DB00896,0,0,0.48609093,0.97116202,0.05833868,0.00105007,043a9f44df69ff0308290a38212c3d66b8c0d376028dc9fdea55ae61f1a7a5e4,e62f8a6f32803faa0a30e452fc6487a96ed8c9d9fca0ab49a588ea55f7a68cdf,b45bfe49a9c1a87a2c90e3878e8754a9819f8bde4717653d6fb44fa920ff1e90,483f0f0
eviddie-19940419-19940419,19940419,19940419,rare,test2,0,EviDDIE,The risk or severity of QTc prolongation and hypotension increase,DB01211,DB09053,0,0,0.2621969,0.52439344,1.81392956,7.1e-07,043a9f44df69ff0308290a38212c3d66b8c0d376028dc9fdea55ae61f1a7a5e4,e62f8a6f32803faa0a30e452fc6487a96ed8c9d9fca0ab49a588ea55f7a68cdf,b45bfe49a9c1a87a2c90e3878e8754a9819f8bde4717653d6fb44fa920ff1e90,483f0f0
eviddie-19940419-19940419,19940419,19940419,rare,test2,0,EviDDIE,The risk or severity of QTc prolongation and hypotension increase,DB01211,DB01177,0,0,0.49199975,0.98331881,0.0332361,0.00069224,043a9f44df69ff0308290a38212c3d66b8c0d376028dc9fdea55ae61f1a7a5e4,e62f8a6f32803faa0a30e452fc6487a96ed8c9d9fca0ab49a588ea55f7a68cdf,b45bfe49a9c1a87a2c90e3878e8754a9819f8bde4717653d6fb44fa920ff1e90,483f0f0
eviddie-19940419-19940419,19940419,19940419,rare,test2,0,EviDDIE,The risk or severity of QTc prolongation and hypotension increase,DB01211,DB00392,0,0,0.36418518,0.72823495,0.74618065,0.00018595,043a9f44df69ff0308290a38212c3d66b8c0d376028dc9fdea55ae61f1a7a5e4,e62f8a6f32803faa0a30e452fc6487a96ed8c9d9fca0ab49a588ea55f7a68cdf,b45bfe49a9c1a87a2c90e3878e8754a9819f8bde4717653d6fb44fa920ff1e90,483f0f0
eviddie-19940419-19940419,19940419,19940419,rare,test2,0,EviDDIE,The risk or severity of QTc prolongation and hypotension increase,DB01211,DB00445,0,0,0.47331512,0.94636494,0.11306935,0.00028035,043a9f44df69ff0308290a38212c3d66b8c0d376028dc9fdea55ae61f1a7a5e4,e62f8a6f32803faa0a30e452fc6487a96ed8c9d9fca0ab49a588ea55f7a68cdf,b45bfe49a9c1a87a2c90e3878e8754a9819f8bde4717653d6fb44fa920ff1e90,483f0f0
eviddie-19940419-19940419,19940419,19940419,rare,test2,0,EviDDIE,The risk or severity of QTc prolongation and hypotension increase,DB01211,DB00794,0,0,0.28104022,0.56208044,1.5582093,0.0,043a9f44df69ff0308290a38212c3d66b8c0d376028dc9fdea55ae61f1a7a5e4,e62f8a6f32803faa0a30e452fc6487a96ed8c9d9fca0ab49a588ea55f7a68cdf,b45bfe49a9c1a87a2c90e3878e8754a9819f8bde4717653d6fb44fa920ff1e90,483f0f0
eviddie-19940419-19940419,19940419,19940419,rare,test2,0,EviDDIE,The risk or severity of QTc prolongation and hypotension increase,DB01211,DB00313,0,0,0.41454551,0.82819074,0.4138155,0.00108703,043a9f44df69ff0308290a38212c3d66b8c0d376028dc9fdea55ae61f1a7a5e4,e62f8a6f32803faa0a30e452fc6487a96ed8c9d9fca0ab49a588ea55f7a68cdf,b45bfe49a9c1a87a2c90e3878e8754a9819f8bde4717653d6fb44fa920ff1e90,483f0f0
eviddie-19940419-19940419,19940419,19940419,rare,test2,0,EviDDIE,The risk or severity of QTc prolongation and hypotension increase,DB01211,DB06589,0,0,0.36558449,0.73107415,0.73557097,0.00012972,043a9f44df69ff0308290a38212c3d66b8c0d376028dc9fdea55ae61f1a7a5e4,e62f8a6f32803faa0a30e452fc6487a96ed8c9d9fca0ab49a588ea55f7a68cdf,b45bfe49a9c1a87a2c90e3878e8754a9819f8bde4717653d6fb44fa920ff1e90,483f0f0
eviddie-19940419-19940419,19940419,19940419,rare,test2,0,EviDDIE,The risk or severity of QTc prolongation and hypotension increase,DB01211,DB00392,0,0,0.36418495,0.72823447,0.74618214,0.00018595,043a9f44df69ff0308290a38212c3d66b8c0d376028dc9fdea55ae61f1a7a5e4,e62f8a6f32803faa0a30e452fc6487a96ed8c9d9fca0ab49a588ea55f7a68cdf,b45bfe49a9c1a87a2c90e3878e8754a9819f8bde4717653d6fb44fa920ff1e90,483f0f0
eviddie-19940419-19940419,19940419,19940419,rare,test2,0,EviDDIE,The risk or severity of QTc prolongation and hypotension increase,DB01211,DB00687,0,0,0.49387169,0.9845807,0.02810945,0.00321227,043a9f44df69ff0308290a38212c3d66b8c0d376028dc9fdea55ae61f1a7a5e4,e62f8a6f32803faa0a30e452fc6487a96ed8c9d9fca0ab49a588ea55f7a68cdf,b45bfe49a9c1a87a2c90e3878e8754a9819f8bde4717653d6fb44fa920ff1e90,483f0f0
eviddie-19940419-19940419,19940419,19940419,rare,test2,0,EviDDIE,The risk or severity of QTc prolongation and hypotension increase,DB01211,DB00191,0,0,0.48137212,0.95544791,0.0856226,0.00763655,043a9f44df69ff0308290a38212c3d66b8c0d376028dc9fdea55ae61f1a7a5e4,e62f8a6f32803faa0a30e452fc6487a96ed8c9d9fca0ab49a588ea55f7a68cdf,b45bfe49a9c1a87a2c90e3878e8754a9819f8bde4717653d6fb44fa920ff1e90,483f0f0
eviddie-19940419-19940419,19940419,19940419,rare,test2,0,EviDDIE,The risk or severity of QTc prolongation and hypotension increase,DB01211,DB09389,0,0,0.31931493,0.63857633,1.13188338,8.383e-05,043a9f44df69ff0308290a38212c3d66b8c0d376028dc9fdea55ae61f1a7a5e4,e62f8a6f32803faa0a30e452fc6487a96ed8c9d9fca0ab49a588ea55f7a68cdf,b45bfe49a9c1a87a2c90e3878e8754a9819f8bde4717653d6fb44fa920ff1e90,483f0f0
eviddie-19940419-19940419,19940419,19940419,rare,test2,0,EviDDIE,The risk or severity of QTc prolongation and hypotension increase,DB01211,DB00436,0,0,0.47804844,0.94666344,0.10271838,0.00996497,043a9f44df69ff0308290a38212c3d66b8c0d376028dc9fdea55ae61f1a7a5e4,e62f8a6f32803faa0a30e452fc6487a96ed8c9d9fca0ab49a588ea55f7a68cdf,b45bfe49a9c1a87a2c90e3878e8754a9819f8bde4717653d6fb44fa920ff1e90,483f0f0
eviddie-19940419-19940419,19940419,19940419,rare,test2,0,EviDDIE,The risk or severity of QTc prolongation and hypotension increase,DB01211,DB00191,0,0,0.48137218,0.95544803,0.08562248,0.00763656,043a9f44df69ff0308290a38212c3d66b8c0d376028dc9fdea55ae61f1a7a5e4,e62f8a6f32803faa0a30e452fc6487a96ed8c9d9fca0ab49a588ea55f7a68cdf,b45bfe49a9c1a87a2c90e3878e8754a9819f8bde4717653d6fb44fa920ff1e90,483f0f0
eviddie-19940419-19940419,19940419,19940419,rare,test2,0,EviDDIE,The risk or severity of QTc prolongation and hypotension increase,DB01211,DB06817,0,0,0.35458851,0.7090714,0.8204416,0.00014905,043a9f44df69ff0308290a38212c3d66b8c0d376028dc9fdea55ae61f1a7a5e4,e62f8a6f32803faa0a30e452fc6487a96ed8c9d9fca0ab49a588ea55f7a68cdf,b45bfe49a9c1a87a2c90e3878e8754a9819f8bde4717653d6fb44fa920ff1e90,483f0f0
eviddie-19940419-19940419,19940419,19940419,rare,test2,0,EviDDIE,The risk or severity of QTc prolongation and hypotension increase,DB01211,DB00909,0,0,0.49920896,0.97513813,0.02711835,0.02387339,043a9f44df69ff0308290a38212c3d66b8c0d376028dc9fdea55ae61f1a7a5e4,e62f8a6f32803faa0a30e452fc6487a96ed8c9d9fca0ab49a588ea55f7a68cdf,b45bfe49a9c1a87a2c90e3878e8754a9819f8bde4717653d6fb44fa920ff1e90,483f0f0
eviddie-19940419-19940419,19940419,19940419,rare,test2,0,EviDDIE,The risk or severity of QTc prolongation and hypotension increase,DB01211,DB06725,0,1,0.67588079,0.64823776,8.7e-07,1.08528674,043a9f44df69ff0308290a38212c3d66b8c0d376028dc9fdea55ae61f1a7a5e4,e62f8a6f32803faa0a30e452fc6487a96ed8c9d9fca0ab49a588ea55f7a68cdf,b45bfe49a9c1a87a2c90e3878e8754a9819f8bde4717653d6fb44fa920ff1e90,483f0f0
eviddie-19940419-19940419,19940419,19940419,rare,test2,0,EviDDIE,The risk or severity of QTc prolongation and hypotension increase,DB01211,DB01135,0,1,0.51356435,0.9725275,0.00035357,0.05614361,043a9f44df69ff0308290a38212c3d66b8c0d376028dc9fdea55ae61f1a7a5e4,e62f8a6f32803faa0a30e452fc6487a96ed8c9d9fca0ab49a588ea55f7a68cdf,b45bfe49a9c1a87a2c90e3878e8754a9819f8bde4717653d6fb44fa920ff1e90,483f0f0
eviddie-19940419-19940419,19940419,19940419,rare,test2,0,EviDDIE,The absorption decrease,DB01235,DB00209,1,1,0.68662477,0.62674958,1.28e-06,1.19106591,043a9f44df69ff0308290a38212c3d66b8c0d376028dc9fdea55ae61f1a7a5e4,e62f8a6f32803faa0a30e452fc6487a96ed8c9d9fca0ab49a588ea55f7a68cdf,b45bfe49a9c1a87a2c90e3878e8754a9819f8bde4717653d6fb44fa920ff1e90,483f0f0
eviddie-19940419-19940419,19940419,19940419,rare,test2,0,EviDDIE,The absorption decrease,DB09073,DB00213,1,0,0.49393338,0.98781824,0.02461478,4.906e-05,043a9f44df69ff0308290a38212c3d66b8c0d376028dc9fdea55ae61f1a7a5e4,e62f8a6f32803faa0a30e452fc6487a96ed8c9d9fca0ab49a588ea55f7a68cdf,b45bfe49a9c1a87a2c90e3878e8754a9819f8bde4717653d6fb44fa920ff1e90,483f0f0
eviddie-19940419-19940419,19940419,19940419,rare,test2,0,EviDDIE,The absorption decrease,DB01235,DB00280,1,1,0.67948991,0.64101893,2.01e-06,1.12003088,043a9f44df69ff0308290a38212c3d66b8c0d376028dc9fdea55ae61f1a7a5e4,e62f8a6f32803faa0a30e452fc6487a96ed8c9d9fca0ab49a588ea55f7a68cdf,b45bfe49a9c1a87a2c90e3878e8754a9819f8bde4717653d6fb44fa920ff1e90,483f0f0
eviddie-19940419-19940419,19940419,19940419,rare,test2,0,EviDDIE,The absorption decrease,DB01235,DB00321,1,1,0.68410432,0.63179106,5.9e-07,1.16560316,043a9f44df69ff0308290a38212c3d66b8c0d376028dc9fdea55ae61f1a7a5e4,e62f8a6f32803faa0a30e452fc6487a96ed8c9d9fca0ab49a588ea55f7a68cdf,b45bfe49a9c1a87a2c90e3878e8754a9819f8bde4717653d6fb44fa920ff1e90,483f0f0
eviddie-19940419-19940419,19940419,19940419,rare,test2,0,EviDDIE,The absorption decrease,DB00325,DB00338,1,0,0.3072415,0.61448276,1.25476933,3.8e-07,043a9f44df69ff0308290a38212c3d66b8c0d376028dc9fdea55ae61f1a7a5e4,e62f8a6f32803faa0a30e452fc6487a96ed8c9d9fca0ab49a588ea55f7a68cdf,b45bfe49a9c1a87a2c90e3878e8754a9819f8bde4717653d6fb44fa920ff1e90,483f0f0
eviddie-19940419-19940419,19940419,19940419,rare,test2,0,EviDDIE,The absorption decrease,DB13257,DB00338,1,0,0.49792027,0.99560177,0.00859541,0.00023981,043a9f44df69ff0308290a38212c3d66b8c0d376028dc9fdea55ae61f1a7a5e4,e62f8a6f32803faa0a30e452fc6487a96ed8c9d9fca0ab49a588ea55f7a68cdf,b45bfe49a9c1a87a2c90e3878e8754a9819f8bde4717653d6fb44fa920ff1e90,483f0f0
eviddie-19940419-19940419,19940419,19940419,rare,test2,0,EviDDIE,The absorption decrease,DB14520,DB00338,1,0,0.47977588,0.95952487,0.08433694,2.806e-05,043a9f44df69ff0308290a38212c3d66b8c0d376028dc9fdea55ae61f1a7a5e4,e62f8a6f32803faa0a30e452fc6487a96ed8c9d9fca0ab49a588ea55f7a68cdf,b45bfe49a9c1a87a2c90e3878e8754a9819f8bde4717653d6fb44fa920ff1e90,483f0f0
eviddie-19940419-19940419,19940419,19940419,rare,test2,0,EviDDIE,The absorption decrease,DB15598,DB00338,1,0,0.49496719,0.98926055,0.02103086,0.00068114,043a9f44df69ff0308290a38212c3d66b8c0d376028dc9fdea55ae61f1a7a5e4,e62f8a6f32803faa0a30e452fc6487a96ed8c9d9fca0ab49a588ea55f7a68cdf,b45bfe49a9c1a87a2c90e3878e8754a9819f8bde4717653d6fb44fa920ff1e90,483f0f0
eviddie-19940419-19940419,19940419,19940419,rare,test2,0,EviDDIE,The absorption decrease,DB09073,DB00338,1,0,0.49191779,0.98381859,0.03287768,1.725e-05,043a9f44df69ff0308290a38212c3d66b8c0d376028dc9fdea55ae61f1a7a5e4,e62f8a6f32803faa0a30e452fc6487a96ed8c9d9fca0ab49a588ea55f7a68cdf,b45bfe49a9c1a87a2c90e3878e8754a9819f8bde4717653d6fb44fa920ff1e90,483f0f0
eviddie-19940419-19940419,19940419,19940419,rare,test2,0,EviDDIE,The absorption decrease,DB01235,DB00342,1,1,0.65203828,0.69592315,5.2e-07,0.87388015,043a9f44df69ff0308290a38212c3d66b8c0d376028dc9fdea55ae61f1a7a5e4,e62f8a6f32803faa0a30e452fc6487a96ed8c9d9fca0ab49a588ea55f7a68cdf,b45bfe49a9c1a87a2c90e3878e8754a9819f8bde4717653d6fb44fa920ff1e90,483f0f0
eviddie-19940419-19940419,19940419,19940419,rare,test2,0,EviDDIE,The absorption decrease,DB01235,DB00392,1,0,0.49742752,0.99229336,0.01295148,0.00258156,043a9f44df69ff0308290a38212c3d66b8c0d376028dc9fdea55ae61f1a7a5e4,e62f8a6f32803faa0a30e452fc6487a96ed8c9d9fca0ab49a588ea55f7a68cdf,b45bfe49a9c1a87a2c90e3878e8754a9819f8bde4717653d6fb44fa920ff1e90,483f0f0
eviddie-19940419-19940419,19940419,19940419,rare,test2,0,EviDDIE,The absorption decrease,DB01235,DB00420,1,1,0.72027797,0.55944407,0.0,1.57497752,043a9f44df69ff0308290a38212c3d66b8c0d376028dc9fdea55ae61f1a7a5e4,e62f8a6f32803faa0a30e452fc6487a96ed8c9d9fca0ab49a588ea55f7a68cdf,b45bfe49a9c1a87a2c90e3878e8754a9819f8bde4717653d6fb44fa920ff1e90,483f0f0
eviddie-19940419-19940419,19940419,19940419,rare,test2,0,EviDDIE,The absorption decrease,DB01235,DB00434,1,1,0.50574166,0.98659676,0.00194594,0.02522474,043a9f44df69ff0308290a38212c3d66b8c0d376028dc9fdea55ae61f1a7a5e4,e62f8a6f32803faa0a30e452fc6487a96ed8c9d9fca0ab49a588ea55f7a68cdf,b45bfe49a9c1a87a2c90e3878e8754a9819f8bde4717653d6fb44fa920ff1e90,483f0f0
eviddie-19940419-19940419,19940419,19940419,rare,test2,0,EviDDIE,The absorption decrease,DB09073,DB00448,1,0,0.49497661,0.98992795,0.02032362,2.548e-05,043a9f44df69ff0308290a38212c3d66b8c0d376028dc9fdea55ae61f1a7a5e4,e62f8a6f32803faa0a30e452fc6487a96ed8c9d9fca0ab49a588ea55f7a68cdf,b45bfe49a9c1a87a2c90e3878e8754a9819f8bde4717653d6fb44fa920ff1e90,483f0f0
eviddie-19940419-19940419,19940419,19940419,rare,test2,0,EviDDIE,The absorption decrease,DB01235,DB00496,1,1,0.63170362,0.73658741,7.1e-06,0.71521699,043a9f44df69ff0308290a38212c3d66b8c0d376028dc9fdea55ae61f1a7a5e4,e62f8a6f32803faa0a30e452fc6487a96ed8c9d9fca0ab49a588ea55f7a68cdf,b45bfe49a9c1a87a2c90e3878e8754a9819f8bde4717653d6fb44fa920ff1e90,483f0f0
eviddie-19940419-19940419,19940419,19940419,rare,test2,0,EviDDIE,The absorption decrease,DB09073,DB00501,1,0,0.40116686,0.80232912,0.49273688,5.71e-06,043a9f44df69ff0308290a38212c3d66b8c0d376028dc9fdea55ae61f1a7a5e4,e62f8a6f32803faa0a30e452fc6487a96ed8c9d9fca0ab49a588ea55f7a68cdf,b45bfe49a9c1a87a2c90e3878e8754a9819f8bde4717653d6fb44fa920ff1e90,483f0f0
eviddie-19940419-19940419,19940419,19940419,rare,test2,0,EviDDIE,The absorption decrease,DB01235,DB00508,1,1,0.50443345,0.98512483,0.00609908,0.02410059,043a9f44df69ff0308290a38212c3d66b8c0d376028dc9fdea55ae61f1a7a5e4,e62f8a6f32803faa0a30e452fc6487a96ed8c9d9fca0ab49a588ea55f7a68cdf,b45bfe49a9c1a87a2c90e3878e8754a9819f8bde4717653d6fb44fa920ff1e90,483f0f0
eviddie-19940419-19940419,19940419,19940419,rare,test2,0,EviDDIE,The absorption decrease,DB01235,DB00540,1,1,0.70198703,0.596026,3e-08,1.35555828,043a9f44df69ff0308290a38212c3d66b8c0d376028dc9fdea55ae61f1a7a5e4,e62f8a6f32803faa0a30e452fc6487a96ed8c9d9fca0ab49a588ea55f7a68cdf,b45bfe49a9c1a87a2c90e3878e8754a9819f8bde4717653d6fb44fa920ff1e90,483f0f0
eviddie-19940419-19940419,19940419,19940419,rare,test2,0,EviDDIE,The absorption decrease,DB01235,DB00543,1,1,0.69725263,0.60549462,2.6e-07,1.30308437,043a9f44df69ff0308290a38212c3d66b8c0d376028dc9fdea55ae61f1a7a5e4,e62f8a6f32803faa0a30e452fc6487a96ed8c9d9fca0ab49a588ea55f7a68cdf,b45bfe49a9c1a87a2c90e3878e8754a9819f8bde4717653d6fb44fa920ff1e90,483f0f0
eviddie-19940419-19940419,19940419,19940419,rare,test2,0,EviDDIE,The absorption decrease,DB01235,DB00555,1,1,0.66686183,0.66627169,6.87e-06,1.00177133,043a9f44df69ff0308290a38212c3d66b8c0d376028dc9fdea55ae61f1a7a5e4,e62f8a6f32803faa0a30e452fc6487a96ed8c9d9fca0ab49a588ea55f7a68cdf,b45bfe49a9c1a87a2c90e3878e8754a9819f8bde4717653d6fb44fa920ff1e90,483f0f0
eviddie-19940419-19940419,19940419,19940419,rare,test2,0,EviDDIE,The absorption decrease,DB09073,DB00585,1,0,0.47382411,0.9476431,0.11049382,5.41e-06,043a9f44df69ff0308290a38212c3d66b8c0d376028dc9fdea55ae61f1a7a5e4,e62f8a6f32803faa0a30e452fc6487a96ed8c9d9fca0ab49a588ea55f7a68cdf,b45bfe49a9c1a87a2c90e3878e8754a9819f8bde4717653d6fb44fa920ff1e90,483f0f0
eviddie-19940419-19940419,19940419,19940419,rare,test2,0,EviDDIE,The absorption decrease,DB01235,DB00715,1,1,0.52519161,0.94851929,0.00115699,0.10739259,043a9f44df69ff0308290a38212c3d66b8c0d376028dc9fdea55ae61f1a7a5e4,e62f8a6f32803faa0a30e452fc6487a96ed8c9d9fca0ab49a588ea55f7a68cdf,b45bfe49a9c1a87a2c90e3878e8754a9819f8bde4717653d6fb44fa920ff1e90,483f0f0
eviddie-19940419-19940419,19940419,19940419,rare,test2,0,EviDDIE,The absorption decrease,DB09073,DB00736,1,0,0.49977508,0.99927837,0.00117234,0.00027199,043a9f44df69ff0308290a38212c3d66b8c0d376028dc9fdea55ae61f1a7a5e4,e62f8a6f32803faa0a30e452fc6487a96ed8c9d9fca0ab49a588ea55f7a68cdf,b45bfe49a9c1a87a2c90e3878e8754a9819f8bde4717653d6fb44fa920ff1e90,483f0f0
eviddie-19940419-19940419,19940419,19940419,rare,test2,0,EviDDIE,The absorption decrease,DB01235,DB00810,1,0,0.41956639,0.83911395,0.3834441,2.242e-05,043a9f44df69ff0308290a38212c3d66b8c0d376028dc9fdea55ae61f1a7a5e4,e62f8a6f32803faa0a30e452fc6487a96ed8c9d9fca0ab49a588ea55f7a68cdf,b45bfe49a9c1a87a2c90e3878e8754a9819f8bde4717653d6fb44fa920ff1e90,483f0f0
eviddie-19940419-19940419,19940419,19940419,rare,test2,0,EviDDIE,The absorption decrease,DB09073,DB00863,1,0,0.38469365,0.76937836,0.59948975,1.16e-05,043a9f44df69ff0308290a38212c3d66b8c0d376028dc9fdea55ae61f1a7a5e4,e62f8a6f32803faa0a30e452fc6487a96ed8c9d9fca0ab49a588ea55f7a68cdf,b45bfe49a9c1a87a2c90e3878e8754a9819f8bde4717653d6fb44fa920ff1e90,483f0f0
eviddie-19940419-19940419,19940419,19940419,rare,test2,0,EviDDIE,The absorption decrease,DB01235,DB00875,1,1,0.70914155,0.5817169,3e-08,1.43809843,043a9f44df69ff0308290a38212c3d66b8c0d376028dc9fdea55ae61f1a7a5e4,e62f8a6f32803faa0a30e452fc6487a96ed8c9d9fca0ab49a588ea55f7a68cdf,b45bfe49a9c1a87a2c90e3878e8754a9819f8bde4717653d6fb44fa920ff1e90,483f0f0
eviddie-19940419-19940419,19940419,19940419,rare,test2,0,EviDDIE,The absorption decrease,DB01235,DB00907,1,1,0.52461231,0.95063525,0.00014736,0.10370901,043a9f44df69ff0308290a38212c3d66b8c0d376028dc9fdea55ae61f1a7a5e4,e62f8a6f32803faa0a30e452fc6487a96ed8c9d9fca0ab49a588ea55f7a68cdf,b45bfe49a9c1a87a2c90e3878e8754a9819f8bde4717653d6fb44fa920ff1e90,483f0f0
eviddie-19940419-19940419,19940419,19940419,rare,test2,0,EviDDIE,The absorption decrease,DB01235,DB00908,1,1,0.50823349,0.98170447,0.00186281,0.03541032,043a9f44df69ff0308290a38212c3d66b8c0d376028dc9fdea55ae61f1a7a5e4,e62f8a6f32803faa0a30e452fc6487a96ed8c9d9fca0ab49a588ea55f7a68cdf,b45bfe49a9c1a87a2c90e3878e8754a9819f8bde4717653d6fb44fa920ff1e90,483f0f0
eviddie-19940419-19940419,19940419,19940419,rare,test2,0,EviDDIE,The absorption decrease,DB09073,DB00927,1,0,0.38264525,0.76528412,0.61340028,8.32e-06,043a9f44df69ff0308290a38212c3d66b8c0d376028dc9fdea55ae61f1a7a5e4,e62f8a6f32803faa0a30e452fc6487a96ed8c9d9fca0ab49a588ea55f7a68cdf,b45bfe49a9c1a87a2c90e3878e8754a9819f8bde4717653d6fb44fa920ff1e90,483f0f0
eviddie-19940419-19940419,19940419,19940419,rare,test2,0,EviDDIE,The absorption decrease,DB01235,DB00934,1,1,0.50771111,0.98334855,0.00124999,0.03261686,043a9f44df69ff0308290a38212c3d66b8c0d376028dc9fdea55ae61f1a7a5e4,e62f8a6f32803faa0a30e452fc6487a96ed8c9d9fca0ab49a588ea55f7a68cdf,b45bfe49a9c1a87a2c90e3878e8754a9819f8bde4717653d6fb44fa920ff1e90,483f0f0
eviddie-19940419-19940419,19940419,19940419,rare,test2,0,EviDDIE,The absorption decrease,DB01235,DB00940,1,1,0.6214565,0.75705183,4.663e-05,0.64178067,043a9f44df69ff0308290a38212c3d66b8c0d376028dc9fdea55ae61f1a7a5e4,e62f8a6f32803faa0a30e452fc6487a96ed8c9d9fca0ab49a588ea55f7a68cdf,b45bfe49a9c1a87a2c90e3878e8754a9819f8bde4717653d6fb44fa920ff1e90,483f0f0
eviddie-19940419-19940419,19940419,19940419,rare,test2,0,EviDDIE,The absorption decrease,DB09073,DB00940,1,0,0.31693563,0.63386989,1.15521955,2.15e-06,043a9f44df69ff0308290a38212c3d66b8c0d376028dc9fdea55ae61f1a7a5e4,e62f8a6f32803faa0a30e452fc6487a96ed8c9d9fca0ab49a588ea55f7a68cdf,b45bfe49a9c1a87a2c90e3878e8754a9819f8bde4717653d6fb44fa920ff1e90,483f0f0
eviddie-19940419-19940419,19940419,19940419,rare,test2,0,EviDDIE,The absorption decrease,DB01235,DB01036,1,1,0.68473178,0.63053554,1.58e-06,1.17190552,043a9f44df69ff0308290a38212c3d66b8c0d376028dc9fdea55ae61f1a7a5e4,e62f8a6f32803faa0a30e452fc6487a96ed8c9d9fca0ab49a588ea55f7a68cdf,b45bfe49a9c1a87a2c90e3878e8754a9819f8bde4717653d6fb44fa920ff1e90,483f0f0
eviddie-19940419-19940419,19940419,19940419,rare,test2,0,EviDDIE,The absorption decrease,DB01235,DB01062,1,1,0.62315065,0.7536642,4.573e-05,0.65365601,043a9f44df69ff0308290a38212c3d66b8c0d376028dc9fdea55ae61f1a7a5e4,e62f8a6f32803faa0a30e452fc6487a96ed8c9d9fca0ab49a588ea55f7a68cdf,b45bfe49a9c1a87a2c90e3878e8754a9819f8bde4717653d6fb44fa920ff1e90,483f0f0
eviddie-19940419-19940419,19940419,19940419,rare,test2,0,EviDDIE,The absorption decrease,DB01235,DB01069,1,1,0.69114083,0.61771774,7.8e-07,1.23772371,043a9f44df69ff0308290a38212c3d66b8c0d376028dc9fdea55ae61f1a7a5e4,e62f8a6f32803faa0a30e452fc6487a96ed8c9d9fca0ab49a588ea55f7a68cdf,b45bfe49a9c1a87a2c90e3878e8754a9819f8bde4717653d6fb44fa920ff1e90,483f0f0
eviddie-19940419-19940419,19940419,19940419,rare,test2,0,EviDDIE,The absorption decrease,DB01235,DB01075,1,0,0.49941549,0.98847127,0.01284596,0.01048049,043a9f44df69ff0308290a38212c3d66b8c0d376028dc9fdea55ae61f1a7a5e4,e62f8a6f32803faa0a30e452fc6487a96ed8c9d9fca0ab49a588ea55f7a68cdf,b45bfe49a9c1a87a2c90e3878e8754a9819f8bde4717653d6fb44fa920ff1e90,483f0f0
eviddie-19940419-19940419,19940419,19940419,rare,test2,0,EviDDIE,The absorption decrease,DB09073,DB01129,1,0,0.41617972,0.83235693,0.4028123,2.96e-06,043a9f44df69ff0308290a38212c3d66b8c0d376028dc9fdea55ae61f1a7a5e4,e62f8a6f32803faa0a30e452fc6487a96ed8c9d9fca0ab49a588ea55f7a68cdf,b45bfe49a9c1a87a2c90e3878e8754a9819f8bde4717653d6fb44fa920ff1e90,483f0f0
eviddie-19940419-19940419,19940419,19940419,rare,test2,0,EviDDIE,The absorption decrease,DB01235,DB01135,1,1,0.67320412,0.65359157,2.1e-07,1.06001472,043a9f44df69ff0308290a38212c3d66b8c0d376028dc9fdea55ae61f1a7a5e4,e62f8a6f32803faa0a30e452fc6487a96ed8c9d9fca0ab49a588ea55f7a68cdf,b45bfe49a9c1a87a2c90e3878e8754a9819f8bde4717653d6fb44fa920ff1e90,483f0f0
eviddie-19940419-19940419,19940419,19940419,rare,test2,0,EviDDIE,The absorption decrease,DB01235,DB01142,1,1,0.70811123,0.58377755,2e-08,1.42596257,043a9f44df69ff0308290a38212c3d66b8c0d376028dc9fdea55ae61f1a7a5e4,e62f8a6f32803faa0a30e452fc6487a96ed8c9d9fca0ab49a588ea55f7a68cdf,b45bfe49a9c1a87a2c90e3878e8754a9819f8bde4717653d6fb44fa920ff1e90,483f0f0
eviddie-19940419-19940419,19940419,19940419,rare,test2,0,EviDDIE,The absorption decrease,DB01235,DB01151,1,1,0.69191676,0.61616653,9e-08,1.24587572,043a9f44df69ff0308290a38212c3d66b8c0d376028dc9fdea55ae61f1a7a5e4,e62f8a6f32803faa0a30e452fc6487a96ed8c9d9fca0ab49a588ea55f7a68cdf,b45bfe49a9c1a87a2c90e3878e8754a9819f8bde4717653d6fb44fa920ff1e90,483f0f0
eviddie-19940419-19940419,19940419,19940419,rare,test2,0,EviDDIE,The absorption decrease,DB01235,DB01173,1,0,0.49697816,0.99222904,0.01392296,0.00174076,043a9f44df69ff0308290a38212c3d66b8c0d376028dc9fdea55ae61f1a7a5e4,e62f8a6f32803faa0a30e452fc6487a96ed8c9d9fca0ab49a588ea55f7a68cdf,b45bfe49a9c1a87a2c90e3878e8754a9819f8bde4717653d6fb44fa920ff1e90,483f0f0
eviddie-19940419-19940419,19940419,19940419,rare,test2,0,EviDDIE,The absorption decrease,DB01235,DB01238,1,1,0.72425604,0.55148786,0.0,1.62655318,043a9f44df69ff0308290a38212c3d66b8c0d376028dc9fdea55ae61f1a7a5e4,e62f8a6f32803faa0a30e452fc6487a96ed8c9d9fca0ab49a588ea55f7a68cdf,b45bfe49a9c1a87a2c90e3878e8754a9819f8bde4717653d6fb44fa920ff1e90,483f0f0
eviddie-19940419-19940419,19940419,19940419,rare,test2,0,EviDDIE,The absorption decrease,DB01235,DB01337,1,1,0.67092007,0.65815771,3.18e-06,1.038782,043a9f44df69ff0308290a38212c3d66b8c0d376028dc9fdea55ae61f1a7a5e4,e62f8a6f32803faa0a30e452fc6487a96ed8c9d9fca0ab49a588ea55f7a68cdf,b45bfe49a9c1a87a2c90e3878e8754a9819f8bde4717653d6fb44fa920ff1e90,483f0f0
eviddie-19940419-19940419,19940419,19940419,rare,test2,0,EviDDIE,The absorption decrease,DB01235,DB01338,1,1,0.68498969,0.63001972,1.56e-06,1.17450237,043a9f44df69ff0308290a38212c3d66b8c0d376028dc9fdea55ae61f1a7a5e4,e62f8a6f32803faa0a30e452fc6487a96ed8c9d9fca0ab49a588ea55f7a68cdf,b45bfe49a9c1a87a2c90e3878e8754a9819f8bde4717653d6fb44fa920ff1e90,483f0f0
eviddie-19940419-19940419,19940419,19940419,rare,test2,0,EviDDIE,The absorption decrease,DB01235,DB01403,1,1,0.72516608,0.54966789,0.0,1.63856077,043a9f44df69ff0308290a38212c3d66b8c0d376028dc9fdea55ae61f1a7a5e4,e62f8a6f32803faa0a30e452fc6487a96ed8c9d9fca0ab49a588ea55f7a68cdf,b45bfe49a9c1a87a2c90e3878e8754a9819f8bde4717653d6fb44fa920ff1e90,483f0f0
eviddie-19940419-19940419,19940419,19940419,rare,test2,0,EviDDIE,The absorption decrease,DB01235,DB01409,1,1,0.69240081,0.61519778,8.4e-07,1.25098598,043a9f44df69ff0308290a38212c3d66b8c0d376028dc9fdea55ae61f1a7a5e4,e62f8a6f32803faa0a30e452fc6487a96ed8c9d9fca0ab49a588ea55f7a68cdf,b45bfe49a9c1a87a2c90e3878e8754a9819f8bde4717653d6fb44fa920ff1e90,483f0f0
eviddie-19940419-19940419,19940419,19940419,rare,test2,0,EviDDIE,The absorption decrease,DB01235,DB01591,1,1,0.68432337,0.6313526,7.9e-07,1.16780078,043a9f44df69ff0308290a38212c3d66b8c0d376028dc9fdea55ae61f1a7a5e4,e62f8a6f32803faa0a30e452fc6487a96ed8c9d9fca0ab49a588ea55f7a68cdf,b45bfe49a9c1a87a2c90e3878e8754a9819f8bde4717653d6fb44fa920ff1e90,483f0f0
eviddie-19940419-19940419,19940419,19940419,rare,test2,0,EviDDIE,The absorption decrease,DB01235,DB06153,1,1,0.74133635,0.51732737,0.0,1.8660239,043a9f44df69ff0308290a38212c3d66b8c0d376028dc9fdea55ae61f1a7a5e4,e62f8a6f32803faa0a30e452fc6487a96ed8c9d9fca0ab49a588ea55f7a68cdf,b45bfe49a9c1a87a2c90e3878e8754a9819f8bde4717653d6fb44fa920ff1e90,483f0f0
eviddie-19940419-19940419,19940419,19940419,rare,test2,0,EviDDIE,The absorption decrease,DB01235,DB06702,1,1,0.69644529,0.60710913,4.5e-07,1.2943002,043a9f44df69ff0308290a38212c3d66b8c0d376028dc9fdea55ae61f1a7a5e4,e62f8a6f32803faa0a30e452fc6487a96ed8c9d9fca0ab49a588ea55f7a68cdf,b45bfe49a9c1a87a2c90e3878e8754a9819f8bde4717653d6fb44fa920ff1e90,483f0f0
eviddie-19940419-19940419,19940419,19940419,rare,test2,0,EviDDIE,The absorption decrease,DB01235,DB08897,1,1,0.70373356,0.59253293,1.5e-07,1.37533998,043a9f44df69ff0308290a38212c3d66b8c0d376028dc9fdea55ae61f1a7a5e4,e62f8a6f32803faa0a30e452fc6487a96ed8c9d9fca0ab49a588ea55f7a68cdf,b45bfe49a9c1a87a2c90e3878e8754a9819f8bde4717653d6fb44fa920ff1e90,483f0f0
eviddie-19940419-19940419,19940419,19940419,rare,test2,0,EviDDIE,The absorption decrease,DB01235,DB09076,1,1,0.71261996,0.57476014,4e-08,1.47971261,043a9f44df69ff0308290a38212c3d66b8c0d376028dc9fdea55ae61f1a7a5e4,e62f8a6f32803faa0a30e452fc6487a96ed8c9d9fca0ab49a588ea55f7a68cdf,b45bfe49a9c1a87a2c90e3878e8754a9819f8bde4717653d6fb44fa920ff1e90,483f0f0
eviddie-19940419-19940419,19940419,19940419,rare,test2,0,EviDDIE,The absorption decrease,DB01235,DB09089,1,1,0.70926279,0.58147442,3e-08,1.4395324,043a9f44df69ff0308290a38212c3d66b8c0d376028dc9fdea55ae61f1a7a5e4,e62f8a6f32803faa0a30e452fc6487a96ed8c9d9fca0ab49a588ea55f7a68cdf,b45bfe49a9c1a87a2c90e3878e8754a9819f8bde4717653d6fb44fa920ff1e90,483f0f0
eviddie-19940419-19940419,19940419,19940419,rare,test2,0,EviDDIE,The absorption decrease,DB01235,DB09167,1,1,0.71336389,0.57327223,3e-08,1.48874366,043a9f44df69ff0308290a38212c3d66b8c0d376028dc9fdea55ae61f1a7a5e4,e62f8a6f32803faa0a30e452fc6487a96ed8c9d9fca0ab49a588ea55f7a68cdf,b45bfe49a9c1a87a2c90e3878e8754a9819f8bde4717653d6fb44fa920ff1e90,483f0f0
eviddie-19940419-19940419,19940419,19940419,rare,test2,0,EviDDIE,The absorption decrease,DB01235,DB09262,1,1,0.68701112,0.62597722,8e-07,1.19500339,043a9f44df69ff0308290a38212c3d66b8c0d376028dc9fdea55ae61f1a7a5e4,e62f8a6f32803faa0a30e452fc6487a96ed8c9d9fca0ab49a588ea55f7a68cdf,b45bfe49a9c1a87a2c90e3878e8754a9819f8bde4717653d6fb44fa920ff1e90,483f0f0
eviddie-19940419-19940419,19940419,19940419,rare,test2,0,EviDDIE,The absorption decrease,DB01235,DB11855,1,1,0.62628931,0.74742073,7e-07,0.67586815,043a9f44df69ff0308290a38212c3d66b8c0d376028dc9fdea55ae61f1a7a5e4,e62f8a6f32803faa0a30e452fc6487a96ed8c9d9fca0ab49a588ea55f7a68cdf,b45bfe49a9c1a87a2c90e3878e8754a9819f8bde4717653d6fb44fa920ff1e90,483f0f0
eviddie-19940419-19940419,19940419,19940419,rare,test2,0,EviDDIE,The absorption decrease,DB01235,DB12278,1,1,0.72416544,0.55166918,1e-08,1.6253612,043a9f44df69ff0308290a38212c3d66b8c0d376028dc9fdea55ae61f1a7a5e4,e62f8a6f32803faa0a30e452fc6487a96ed8c9d9fca0ab49a588ea55f7a68cdf,b45bfe49a9c1a87a2c90e3878e8754a9819f8bde4717653d6fb44fa920ff1e90,483f0f0
eviddie-19940419-19940419,19940419,19940419,rare,test2,0,EviDDIE,The absorption decrease,DB09073,DB05351,1,1,0.52367753,0.95264435,5.5e-07,0.09941872,043a9f44df69ff0308290a38212c3d66b8c0d376028dc9fdea55ae61f1a7a5e4,e62f8a6f32803faa0a30e452fc6487a96ed8c9d9fca0ab49a588ea55f7a68cdf,b45bfe49a9c1a87a2c90e3878e8754a9819f8bde4717653d6fb44fa920ff1e90,483f0f0
eviddie-19940419-19940419,19940419,19940419,rare,test2,0,EviDDIE,The absorption decrease,DB01235,DB14596,0,0,0.20671727,0.41343454,2.83752561,0.0,043a9f44df69ff0308290a38212c3d66b8c0d376028dc9fdea55ae61f1a7a5e4,e62f8a6f32803faa0a30e452fc6487a96ed8c9d9fca0ab49a588ea55f7a68cdf,b45bfe49a9c1a87a2c90e3878e8754a9819f8bde4717653d6fb44fa920ff1e90,483f0f0
eviddie-19940419-19940419,19940419,19940419,rare,test2,0,EviDDIE,The absorption decrease,DB09073,DB00784,0,0,0.49655053,0.99174458,0.01528065,0.00136786,043a9f44df69ff0308290a38212c3d66b8c0d376028dc9fdea55ae61f1a7a5e4,e62f8a6f32803faa0a30e452fc6487a96ed8c9d9fca0ab49a588ea55f7a68cdf,b45bfe49a9c1a87a2c90e3878e8754a9819f8bde4717653d6fb44fa920ff1e90,483f0f0
eviddie-19940419-19940419,19940419,19940419,rare,test2,0,EviDDIE,The absorption decrease,DB01235,DB06237,0,1,0.51805156,0.95957977,0.00449883,0.07974675,043a9f44df69ff0308290a38212c3d66b8c0d376028dc9fdea55ae61f1a7a5e4,e62f8a6f32803faa0a30e452fc6487a96ed8c9d9fca0ab49a588ea55f7a68cdf,b45bfe49a9c1a87a2c90e3878e8754a9819f8bde4717653d6fb44fa920ff1e90,483f0f0
eviddie-19940419-19940419,19940419,19940419,rare,test2,0,EviDDIE,The absorption decrease,DB01235,DB01168,0,0,0.31937554,0.638722,1.13120723,4.56e-05,043a9f44df69ff0308290a38212c3d66b8c0d376028dc9fdea55ae61f1a7a5e4,e62f8a6f32803faa0a30e452fc6487a96ed8c9d9fca0ab49a588ea55f7a68cdf,b45bfe49a9c1a87a2c90e3878e8754a9819f8bde4717653d6fb44fa920ff1e90,483f0f0
eviddie-19940419-19940419,19940419,19940419,rare,test2,0,EviDDIE,The absorption decrease,DB00325,DB00540,0,1,0.65248746,0.6950193,8.22e-06,0.87760949,043a9f44df69ff0308290a38212c3d66b8c0d376028dc9fdea55ae61f1a7a5e4,e62f8a6f32803faa0a30e452fc6487a96ed8c9d9fca0ab49a588ea55f7a68cdf,b45bfe49a9c1a87a2c90e3878e8754a9819f8bde4717653d6fb44fa920ff1e90,483f0f0
eviddie-19940419-19940419,19940419,19940419,rare,test2,0,EviDDIE,The absorption decrease,DB13257,DB00214,0,0,0.49912223,0.99819893,0.00356301,4.568e-05,043a9f44df69ff0308290a38212c3d66b8c0d376028dc9fdea55ae61f1a7a5e4,e62f8a6f32803faa0a30e452fc6487a96ed8c9d9fca0ab49a588ea55f7a68cdf,b45bfe49a9c1a87a2c90e3878e8754a9819f8bde4717653d6fb44fa920ff1e90,483f0f0
eviddie-19940419-19940419,19940419,19940419,rare,test2,0,EviDDIE,The absorption decrease,DB14520,DB00273,0,0,0.30041906,0.60083807,1.32868361,8e-08,043a9f44df69ff0308290a38212c3d66b8c0d376028dc9fdea55ae61f1a7a5e4,e62f8a6f32803faa0a30e452fc6487a96ed8c9d9fca0ab49a588ea55f7a68cdf,b45bfe49a9c1a87a2c90e3878e8754a9819f8bde4717653d6fb44fa920ff1e90,483f0f0
eviddie-19940419-19940419,19940419,19940419,rare,test2,0,EviDDIE,The absorption decrease,DB15598,DB01029,0,0,0.49932382,0.99847919,0.00287758,0.00016871,043a9f44df69ff0308290a38212c3d66b8c0d376028dc9fdea55ae61f1a7a5e4,e62f8a6f32803faa0a30e452fc6487a96ed8c9d9fca0ab49a588ea55f7a68cdf,b45bfe49a9c1a87a2c90e3878e8754a9819f8bde4717653d6fb44fa920ff1e90,483f0f0
eviddie-19940419-19940419,19940419,19940419,rare,test2,0,EviDDIE,The absorption decrease,DB09073,DB12537,0,0,0.41020024,0.82039881,0.43783674,2e-06,043a9f44df69ff0308290a38212c3d66b8c0d376028dc9fdea55ae61f1a7a5e4,e62f8a6f32803faa0a30e452fc6487a96ed8c9d9fca0ab49a588ea55f7a68cdf,b45bfe49a9c1a87a2c90e3878e8754a9819f8bde4717653d6fb44fa920ff1e90,483f0f0
eviddie-19940419-19940419,19940419,19940419,rare,test2,0,EviDDIE,The absorption decrease,DB01235,DB00997,0,0,0.28791389,0.57582766,1.47326148,2.9e-07,043a9f44df69ff0308290a38212c3d66b8c0d376028dc9fdea55ae61f1a7a5e4,e62f8a6f32803faa0a30e452fc6487a96ed8c9d9fca0ab49a588ea55f7a68cdf,b45bfe49a9c1a87a2c90e3878e8754a9819f8bde4717653d6fb44fa920ff1e90,483f0f0
eviddie-19940419-19940419,19940419,19940419,rare,test2,0,EviDDIE,The absorption decrease,DB01235,DB00656,0,1,0.67519408,0.64961022,2.49e-06,1.07876682,043a9f44df69ff0308290a38212c3d66b8c0d376028dc9fdea55ae61f1a7a5e4,e62f8a6f32803faa0a30e452fc6487a96ed8c9d9fca0ab49a588ea55f7a68cdf,b45bfe49a9c1a87a2c90e3878e8754a9819f8bde4717653d6fb44fa920ff1e90,483f0f0
eviddie-19940419-19940419,19940419,19940419,rare,test2,0,EviDDIE,The absorption decrease,DB01235,DB00690,0,0,0.47158176,0.9431628,0.12052398,6.6e-07,043a9f44df69ff0308290a38212c3d66b8c0d376028dc9fdea55ae61f1a7a5e4,e62f8a6f32803faa0a30e452fc6487a96ed8c9d9fca0ab49a588ea55f7a68cdf,b45bfe49a9c1a87a2c90e3878e8754a9819f8bde4717653d6fb44fa920ff1e90,483f0f0
eviddie-19940419-19940419,19940419,19940419,rare,test2,0,EviDDIE,The absorption decrease,DB01235,DB09090,0,1,0.68630493,0.62739015,7e-08,1.18780899,043a9f44df69ff0308290a38212c3d66b8c0d376028dc9fdea55ae61f1a7a5e4,e62f8a6f32803faa0a30e452fc6487a96ed8c9d9fca0ab49a588ea55f7a68cdf,b45bfe49a9c1a87a2c90e3878e8754a9819f8bde4717653d6fb44fa920ff1e90,483f0f0
eviddie-19940419-19940419,19940419,19940419,rare,test2,0,EviDDIE,The absorption decrease,DB09073,DB00465,0,1,0.50054669,0.99802577,0.00088271,0.00307365,043a9f44df69ff0308290a38212c3d66b8c0d376028dc9fdea55ae61f1a7a5e4,e62f8a6f32803faa0a30e452fc6487a96ed8c9d9fca0ab49a588ea55f7a68cdf,b45bfe49a9c1a87a2c90e3878e8754a9819f8bde4717653d6fb44fa920ff1e90,483f0f0
eviddie-19940419-19940419,19940419,19940419,rare,test2,0,EviDDIE,The absorption decrease,DB01235,DB00571,0,1,0.67786717,0.64426565,4e-08,1.10430968,043a9f44df69ff0308290a38212c3d66b8c0d376028dc9fdea55ae61f1a7a5e4,e62f8a6f32803faa0a30e452fc6487a96ed8c9d9fca0ab49a588ea55f7a68cdf,b45bfe49a9c1a87a2c90e3878e8754a9819f8bde4717653d6fb44fa920ff1e90,483f0f0
eviddie-19940419-19940419,19940419,19940419,rare,test2,0,EviDDIE,The absorption decrease,DB09073,DB01588,0,0,0.22509903,0.45019805,2.44248915,0.0,043a9f44df69ff0308290a38212c3d66b8c0d376028dc9fdea55ae61f1a7a5e4,e62f8a6f32803faa0a30e452fc6487a96ed8c9d9fca0ab49a588ea55f7a68cdf,b45bfe49a9c1a87a2c90e3878e8754a9819f8bde4717653d6fb44fa920ff1e90,483f0f0
eviddie-19940419-19940419,19940419,19940419,rare,test2,0,EviDDIE,The absorption decrease,DB01235,DB00983,0,1,0.72912186,0.54175633,0.0,1.69169664,043a9f44df69ff0308290a38212c3d66b8c0d376028dc9fdea55ae61f1a7a5e4,e62f8a6f32803faa0a30e452fc6487a96ed8c9d9fca0ab49a588ea55f7a68cdf,b45bfe49a9c1a87a2c90e3878e8754a9819f8bde4717653d6fb44fa920ff1e90,483f0f0
eviddie-19940419-19940419,19940419,19940419,rare,test2,0,EviDDIE,The absorption decrease,DB01235,DB01244,0,1,0.5784753,0.84292048,0.00015304,0.3725501,043a9f44df69ff0308290a38212c3d66b8c0d376028dc9fdea55ae61f1a7a5e4,e62f8a6f32803faa0a30e452fc6487a96ed8c9d9fca0ab49a588ea55f7a68cdf,b45bfe49a9c1a87a2c90e3878e8754a9819f8bde4717653d6fb44fa920ff1e90,483f0f0
eviddie-19940419-19940419,19940419,19940419,rare,test2,0,EviDDIE,The absorption decrease,DB01235,DB01087,0,0,0.22252826,0.44505653,2.49381113,5e-08,043a9f44df69ff0308290a38212c3d66b8c0d376028dc9fdea55ae61f1a7a5e4,e62f8a6f32803faa0a30e452fc6487a96ed8c9d9fca0ab49a588ea55f7a68cdf,b45bfe49a9c1a87a2c90e3878e8754a9819f8bde4717653d6fb44fa920ff1e90,483f0f0
eviddie-19940419-19940419,19940419,19940419,rare,test2,0,EviDDIE,The absorption decrease,DB01235,DB00474,0,0,0.47159132,0.94318241,0.12048043,2.1e-07,043a9f44df69ff0308290a38212c3d66b8c0d376028dc9fdea55ae61f1a7a5e4,e62f8a6f32803faa0a30e452fc6487a96ed8c9d9fca0ab49a588ea55f7a68cdf,b45bfe49a9c1a87a2c90e3878e8754a9819f8bde4717653d6fb44fa920ff1e90,483f0f0
eviddie-19940419-19940419,19940419,19940419,rare,test2,0,EviDDIE,The absorption decrease,DB09073,DB00294,0,0,0.46436146,0.92867213,0.15355778,5.475e-05,043a9f44df69ff0308290a38212c3d66b8c0d376028dc9fdea55ae61f1a7a5e4,e62f8a6f32803faa0a30e452fc6487a96ed8c9d9fca0ab49a588ea55f7a68cdf,b45bfe49a9c1a87a2c90e3878e8754a9819f8bde4717653d6fb44fa920ff1e90,483f0f0
eviddie-19940419-19940419,19940419,19940419,rare,test2,0,EviDDIE,The absorption decrease,DB01235,DB00862,0,0,0.27167451,0.54333907,1.68092453,1.824e-05,043a9f44df69ff0308290a38212c3d66b8c0d376028dc9fdea55ae61f1a7a5e4,e62f8a6f32803faa0a30e452fc6487a96ed8c9d9fca0ab49a588ea55f7a68cdf,b45bfe49a9c1a87a2c90e3878e8754a9819f8bde4717653d6fb44fa920ff1e90,483f0f0
eviddie-19940419-19940419,19940419,19940419,rare,test2,0,EviDDIE,The absorption decrease,DB09073,DB01142,0,0,0.32624203,0.65248233,1.0652144,2.58e-06,043a9f44df69ff0308290a38212c3d66b8c0d376028dc9fdea55ae61f1a7a5e4,e62f8a6f32803faa0a30e452fc6487a96ed8c9d9fca0ab49a588ea55f7a68cdf,b45bfe49a9c1a87a2c90e3878e8754a9819f8bde4717653d6fb44fa920ff1e90,483f0f0
eviddie-19940419-19940419,19940419,19940419,rare,test2,0,EviDDIE,The absorption decrease,DB01235,DB00312,0,0,0.49488202,0.98975956,0.02068839,4.53e-06,043a9f44df69ff0308290a38212c3d66b8c0d376028dc9fdea55ae61f1a7a5e4,e62f8a6f32803faa0a30e452fc6487a96ed8c9d9fca0ab49a588ea55f7a68cdf,b45bfe49a9c1a87a2c90e3878e8754a9819f8bde4717653d6fb44fa920ff1e90,483f0f0
eviddie-19940419-19940419,19940419,19940419,rare,test2,0,EviDDIE,The absorption decrease,DB09073,DB00891,0,0,0.49798986,0.99470156,0.00936835,0.00128495,043a9f44df69ff0308290a38212c3d66b8c0d376028dc9fdea55ae61f1a7a5e4,e62f8a6f32803faa0a30e452fc6487a96ed8c9d9fca0ab49a588ea55f7a68cdf,b45bfe49a9c1a87a2c90e3878e8754a9819f8bde4717653d6fb44fa920ff1e90,483f0f0
eviddie-19940419-19940419,19940419,19940419,rare,test2,0,EviDDIE,The absorption decrease,DB01235,DB01129,0,0,0.37086886,0.7417357,0.69637537,2.69e-06,043a9f44df69ff0308290a38212c3d66b8c0d376028dc9fdea55ae61f1a7a5e4,e62f8a6f32803faa0a30e452fc6487a96ed8c9d9fca0ab49a588ea55f7a68cdf,b45bfe49a9c1a87a2c90e3878e8754a9819f8bde4717653d6fb44fa920ff1e90,483f0f0
eviddie-19940419-19940419,19940419,19940419,rare,test2,0,EviDDIE,The absorption decrease,DB01235,DB00636,0,0,0.2471811,0.49436203,2.04561782,3.5e-07,043a9f44df69ff0308290a38212c3d66b8c0d376028dc9fdea55ae61f1a7a5e4,e62f8a6f32803faa0a30e452fc6487a96ed8c9d9fca0ab49a588ea55f7a68cdf,b45bfe49a9c1a87a2c90e3878e8754a9819f8bde4717653d6fb44fa920ff1e90,483f0f0
eviddie-19940419-19940419,19940419,19940419,rare,test2,0,EviDDIE,The absorption decrease,DB01235,DB00847,0,0,0.29312769,0.586254,1.41148818,2.3e-06,043a9f44df69ff0308290a38212c3d66b8c0d376028dc9fdea55ae61f1a7a5e4,e62f8a6f32803faa0a30e452fc6487a96ed8c9d9fca0ab49a588ea55f7a68cdf,b45bfe49a9c1a87a2c90e3878e8754a9819f8bde4717653d6fb44fa920ff1e90,483f0f0
eviddie-19940419-19940419,19940419,19940419,rare,test2,0,EviDDIE,The absorption decrease,DB09073,DB06781,0,0,0.49825537,0.9960444,0.00747427,0.0004683,043a9f44df69ff0308290a38212c3d66b8c0d376028dc9fdea55ae61f1a7a5e4,e62f8a6f32803faa0a30e452fc6487a96ed8c9d9fca0ab49a588ea55f7a68cdf,b45bfe49a9c1a87a2c90e3878e8754a9819f8bde4717653d6fb44fa920ff1e90,483f0f0
eviddie-19940419-19940419,19940419,19940419,rare,test2,0,EviDDIE,The absorption decrease,DB01235,DB00295,0,0,0.40334681,0.80664533,0.47934464,5.983e-05,043a9f44df69ff0308290a38212c3d66b8c0d376028dc9fdea55ae61f1a7a5e4,e62f8a6f32803faa0a30e452fc6487a96ed8c9d9fca0ab49a588ea55f7a68cdf,b45bfe49a9c1a87a2c90e3878e8754a9819f8bde4717653d6fb44fa920ff1e90,483f0f0
eviddie-19940419-19940419,19940419,19940419,rare,test2,0,EviDDIE,The absorption decrease,DB01235,DB06817,0,0,0.22838759,0.45677516,2.37852192,9e-08,043a9f44df69ff0308290a38212c3d66b8c0d376028dc9fdea55ae61f1a7a5e4,e62f8a6f32803faa0a30e452fc6487a96ed8c9d9fca0ab49a588ea55f7a68cdf,b45bfe49a9c1a87a2c90e3878e8754a9819f8bde4717653d6fb44fa920ff1e90,483f0f0
eviddie-19940419-19940419,19940419,19940419,rare,test2,0,EviDDIE,The absorption decrease,DB09073,DB04842,0,0,0.28488132,0.56976265,1.51023364,4e-08,043a9f44df69ff0308290a38212c3d66b8c0d376028dc9fdea55ae61f1a7a5e4,e62f8a6f32803faa0a30e452fc6487a96ed8c9d9fca0ab49a588ea55f7a68cdf,b45bfe49a9c1a87a2c90e3878e8754a9819f8bde4717653d6fb44fa920ff1e90,483f0f0
eviddie-19940419-19940419,19940419,19940419,rare,test2,0,EviDDIE,The absorption decrease,DB01235,DB01009,0,0,0.49217969,0.98232496,0.03391511,0.00207097,043a9f44df69ff0308290a38212c3d66b8c0d376028dc9fdea55ae61f1a7a5e4,e62f8a6f32803faa0a30e452fc6487a96ed8c9d9fca0ab49a588ea55f7a68cdf,b45bfe49a9c1a87a2c90e3878e8754a9819f8bde4717653d6fb44fa920ff1e90,483f0f0
eviddie-19940419-19940419,19940419,19940419,rare,test2,0,EviDDIE,The absorption decrease,DB01235,DB00177,0,0,0.49749762,0.99217236,0.01293367,0.0028452,043a9f44df69ff0308290a38212c3d66b8c0d376028dc9fdea55ae61f1a7a5e4,e62f8a6f32803faa0a30e452fc6487a96ed8c9d9fca0ab49a588ea55f7a68cdf,b45bfe49a9c1a87a2c90e3878e8754a9819f8bde4717653d6fb44fa920ff1e90,483f0f0
eviddie-19940419-19940419,19940419,19940419,rare,test2,0,EviDDIE,The absorption decrease,DB01235,DB06210,0,0,0.22164544,0.44329089,2.51171017,6e-08,043a9f44df69ff0308290a38212c3d66b8c0d376028dc9fdea55ae61f1a7a5e4,e62f8a6f32803faa0a30e452fc6487a96ed8c9d9fca0ab49a588ea55f7a68cdf,b45bfe49a9c1a87a2c90e3878e8754a9819f8bde4717653d6fb44fa920ff1e90,483f0f0
eviddie-19940419-19940419,19940419,19940419,rare,test2,0,EviDDIE,The absorption decrease,DB01235,DB09013,0,1,0.71833211,0.56333578,0.0,1.55028069,043a9f44df69ff0308290a38212c3d66b8c0d376028dc9fdea55ae61f1a7a5e4,e62f8a6f32803faa0a30e452fc6487a96ed8c9d9fca0ab49a588ea55f7a68cdf,b45bfe49a9c1a87a2c90e3878e8754a9819f8bde4717653d6fb44fa920ff1e90,483f0f0
eviddie-19940419-19940419,19940419,19940419,rare,test2,0,EviDDIE,The absorption decrease,DB09073,DB09295,0,1,0.50017375,0.99947244,0.00018024,0.00087554,043a9f44df69ff0308290a38212c3d66b8c0d376028dc9fdea55ae61f1a7a5e4,e62f8a6f32803faa0a30e452fc6487a96ed8c9d9fca0ab49a588ea55f7a68cdf,b45bfe49a9c1a87a2c90e3878e8754a9819f8bde4717653d6fb44fa920ff1e90,483f0f0
eviddie-19940419-19940419,19940419,19940419,rare,test2,0,EviDDIE,The absorption decrease,DB01235,DB01623,0,0,0.36561441,0.73121411,0.73515707,2.016e-05,043a9f44df69ff0308290a38212c3d66b8c0d376028dc9fdea55ae61f1a7a5e4,e62f8a6f32803faa0a30e452fc6487a96ed8c9d9fca0ab49a588ea55f7a68cdf,b45bfe49a9c1a87a2c90e3878e8754a9819f8bde4717653d6fb44fa920ff1e90,483f0f0
eviddie-19940419-19940419,19940419,19940419,rare,test2,0,EviDDIE,The absorption decrease,DB01235,DB09288,0,1,0.51097137,0.97051495,0.00777145,0.05299017,043a9f44df69ff0308290a38212c3d66b8c0d376028dc9fdea55ae61f1a7a5e4,e62f8a6f32803faa0a30e452fc6487a96ed8c9d9fca0ab49a588ea55f7a68cdf,b45bfe49a9c1a87a2c90e3878e8754a9819f8bde4717653d6fb44fa920ff1e90,483f0f0
eviddie-19940419-19940419,19940419,19940419,rare,test2,0,EviDDIE,The absorption decrease,DB01235,DB11963,0,0,0.21019331,0.42038661,2.75752521,1e-08,043a9f44df69ff0308290a38212c3d66b8c0d376028dc9fdea55ae61f1a7a5e4,e62f8a6f32803faa0a30e452fc6487a96ed8c9d9fca0ab49a588ea55f7a68cdf,b45bfe49a9c1a87a2c90e3878e8754a9819f8bde4717653d6fb44fa920ff1e90,483f0f0
eviddie-19940419-19940419,19940419,19940419,rare,test2,0,EviDDIE,The absorption decrease,DB01235,DB00528,0,1,0.63112789,0.73773384,1.407e-05,0.71099061,043a9f44df69ff0308290a38212c3d66b8c0d376028dc9fdea55ae61f1a7a5e4,e62f8a6f32803faa0a30e452fc6487a96ed8c9d9fca0ab49a588ea55f7a68cdf,b45bfe49a9c1a87a2c90e3878e8754a9819f8bde4717653d6fb44fa920ff1e90,483f0f0
eviddie-19940419-19940419,19940419,19940419,rare,test2,0,EviDDIE,The absorption decrease,DB01235,DB00231,0,0,0.3689453,0.73789054,0.71042901,1.3e-07,043a9f44df69ff0308290a38212c3d66b8c0d376028dc9fdea55ae61f1a7a5e4,e62f8a6f32803faa0a30e452fc6487a96ed8c9d9fca0ab49a588ea55f7a68cdf,b45bfe49a9c1a87a2c90e3878e8754a9819f8bde4717653d6fb44fa920ff1e90,483f0f0
eviddie-19940419-19940419,19940419,19940419,rare,test2,0,EviDDIE,The absorption decrease,DB01235,DB05039,0,1,0.64070123,0.71859747,4e-08,0.78319937,043a9f44df69ff0308290a38212c3d66b8c0d376028dc9fdea55ae61f1a7a5e4,e62f8a6f32803faa0a30e452fc6487a96ed8c9d9fca0ab49a588ea55f7a68cdf,b45bfe49a9c1a87a2c90e3878e8754a9819f8bde4717653d6fb44fa920ff1e90,483f0f0
eviddie-19940419-19940419,19940419,19940419,rare,test2,0,EviDDIE,The absorption decrease,DB01235,DB00861,0,1,0.51040739,0.9780286,0.00118247,0.04374737,043a9f44df69ff0308290a38212c3d66b8c0d376028dc9fdea55ae61f1a7a5e4,e62f8a6f32803faa0a30e452fc6487a96ed8c9d9fca0ab49a588ea55f7a68cdf,b45bfe49a9c1a87a2c90e3878e8754a9819f8bde4717653d6fb44fa920ff1e90,483f0f0
eviddie-19940419-19940419,19940419,19940419,rare,test2,0,EviDDIE,The absorption decrease,DB01235,DB01122,0,0,0.31688565,0.63373035,1.15585196,6.46e-05,043a9f44df69ff0308290a38212c3d66b8c0d376028dc9fdea55ae61f1a7a5e4,e62f8a6f32803faa0a30e452fc6487a96ed8c9d9fca0ab49a588ea55f7a68cdf,b45bfe49a9c1a87a2c90e3878e8754a9819f8bde4717653d6fb44fa920ff1e90,483f0f0
eviddie-19940419-19940419,19940419,19940419,rare,test2,0,EviDDIE,The absorption decrease,DB01235,DB06786,0,0,0.16949834,0.33899668,3.89976263,0.0,043a9f44df69ff0308290a38212c3d66b8c0d376028dc9fdea55ae61f1a7a5e4,e62f8a6f32803faa0a30e452fc6487a96ed8c9d9fca0ab49a588ea55f7a68cdf,b45bfe49a9c1a87a2c90e3878e8754a9819f8bde4717653d6fb44fa920ff1e90,483f0f0
eviddie-19940419-19940419,19940419,19940419,rare,test2,0,EviDDIE,The absorption decrease,DB01235,DB00294,0,0,0.19803299,0.39606598,3.04966331,0.0,043a9f44df69ff0308290a38212c3d66b8c0d376028dc9fdea55ae61f1a7a5e4,e62f8a6f32803faa0a30e452fc6487a96ed8c9d9fca0ab49a588ea55f7a68cdf,b45bfe49a9c1a87a2c90e3878e8754a9819f8bde4717653d6fb44fa920ff1e90,483f0f0
eviddie-19940419-19940419,19940419,19940419,rare,test2,0,EviDDIE,The absorption decrease,DB01235,DB00591,0,0,0.30205157,0.60410255,1.31069517,1.01e-06,043a9f44df69ff0308290a38212c3d66b8c0d376028dc9fdea55ae61f1a7a5e4,e62f8a6f32803faa0a30e452fc6487a96ed8c9d9fca0ab49a588ea55f7a68cdf,b45bfe49a9c1a87a2c90e3878e8754a9819f8bde4717653d6fb44fa920ff1e90,483f0f0
eviddie-19940419-19940419,19940419,19940419,rare,test2,0,EviDDIE,The absorption decrease,DB01235,DB01154,0,0,0.43987802,0.87975425,0.27336004,2.05e-06,043a9f44df69ff0308290a38212c3d66b8c0d376028dc9fdea55ae61f1a7a5e4,e62f8a6f32803faa0a30e452fc6487a96ed8c9d9fca0ab49a588ea55f7a68cdf,b45bfe49a9c1a87a2c90e3878e8754a9819f8bde4717653d6fb44fa920ff1e90,483f0f0
eviddie-19940419-19940419,19940419,19940419,rare,test2,0,EviDDIE,The absorption decrease,DB01235,DB00898,0,0,0.45754939,0.91460294,0.18619907,0.00054222,043a9f44df69ff0308290a38212c3d66b8c0d376028dc9fdea55ae61f1a7a5e4,e62f8a6f32803faa0a30e452fc6487a96ed8c9d9fca0ab49a588ea55f7a68cdf,b45bfe49a9c1a87a2c90e3878e8754a9819f8bde4717653d6fb44fa920ff1e90,483f0f0
eviddie-19940419-19940419,19940419,19940419,rare,test2,0,EviDDIE,The absorption decrease,DB01235,DB00528,0,1,0.63112783,0.73773402,1.407e-05,0.71099025,043a9f44df69ff0308290a38212c3d66b8c0d376028dc9fdea55ae61f1a7a5e4,e62f8a6f32803faa0a30e452fc6487a96ed8c9d9fca0ab49a588ea55f7a68cdf,b45bfe49a9c1a87a2c90e3878e8754a9819f8bde4717653d6fb44fa920ff1e90,483f0f0
eviddie-19940419-19940419,19940419,19940419,rare,test2,0,EviDDIE,The absorption decrease,DB01235,DB04920,0,1,0.70491838,0.59016317,3e-08,1.38889313,043a9f44df69ff0308290a38212c3d66b8c0d376028dc9fdea55ae61f1a7a5e4,e62f8a6f32803faa0a30e452fc6487a96ed8c9d9fca0ab49a588ea55f7a68cdf,b45bfe49a9c1a87a2c90e3878e8754a9819f8bde4717653d6fb44fa920ff1e90,483f0f0
eviddie-19940419-19940419,19940419,19940419,rare,test2,0,EviDDIE,The absorption decrease,DB01235,DB00313,0,0,0.25607523,0.51215017,1.90510428,5.5e-07,043a9f44df69ff0308290a38212c3d66b8c0d376028dc9fdea55ae61f1a7a5e4,e62f8a6f32803faa0a30e452fc6487a96ed8c9d9fca0ab49a588ea55f7a68cdf,b45bfe49a9c1a87a2c90e3878e8754a9819f8bde4717653d6fb44fa920ff1e90,483f0f0
eviddie-19940419-19940419,19940419,19940419,rare,test2,0,EviDDIE,The absorption decrease,DB01235,DB00550,0,0,0.25995824,0.51991642,1.84677231,1.3e-07,043a9f44df69ff0308290a38212c3d66b8c0d376028dc9fdea55ae61f1a7a5e4,e62f8a6f32803faa0a30e452fc6487a96ed8c9d9fca0ab49a588ea55f7a68cdf,b45bfe49a9c1a87a2c90e3878e8754a9819f8bde4717653d6fb44fa920ff1e90,483f0f0
eviddie-19940419-19940419,19940419,19940419,rare,test2,0,EviDDIE,The absorption decrease,DB01235,DB01384,0,0,0.24550125,0.49100244,2.07329917,6e-08,043a9f44df69ff0308290a38212c3d66b8c0d376028dc9fdea55ae61f1a7a5e4,e62f8a6f32803faa0a30e452fc6487a96ed8c9d9fca0ab49a588ea55f7a68cdf,b45bfe49a9c1a87a2c90e3878e8754a9819f8bde4717653d6fb44fa920ff1e90,483f0f0
eviddie-19940419-19940419,19940419,19940419,rare,test2,0,EviDDIE,The absorption decrease,DB01235,DB14006,0,0,0.30400941,0.60801667,1.28937995,3.5e-06,043a9f44df69ff0308290a38212c3d66b8c0d376028dc9fdea55ae61f1a7a5e4,e62f8a6f32803faa0a30e452fc6487a96ed8c9d9fca0ab49a588ea55f7a68cdf,b45bfe49a9c1a87a2c90e3878e8754a9819f8bde4717653d6fb44fa920ff1e90,483f0f0
eviddie-19940419-19940419,19940419,19940419,rare,test2,0,EviDDIE,The absorption decrease,DB09073,DB01280,0,0,0.35306844,0.70613325,0.83232152,5.13e-06,043a9f44df69ff0308290a38212c3d66b8c0d376028dc9fdea55ae61f1a7a5e4,e62f8a6f32803faa0a30e452fc6487a96ed8c9d9fca0ab49a588ea55f7a68cdf,b45bfe49a9c1a87a2c90e3878e8754a9819f8bde4717653d6fb44fa920ff1e90,483f0f0
