setting,shot,signal,aurc_mean,aurc_sd,curve_mean,curve_sd,coverage_0.30_risk_mean,coverage_0.30_risk_sd,coverage_0.30_random_ci_half,coverage_0.50_risk_mean,coverage_0.50_risk_sd,coverage_0.50_random_ci_half,coverage_0.70_risk_mean,coverage_0.70_risk_sd,coverage_0.70_random_ci_half,coverage_0.90_risk_mean,coverage_0.90_risk_sd,coverage_0.90_random_ci_half,error_auroc_mean,error_auroc_sd,error_auprc_mean,error_auprc_sd
fewer,1,p,0.16861006702878623,0.016184230925319617,"0.0150,0.0278,0.0319,0.0418,0.0475,0.0574,0.0913,0.1456,0.1978,0.2344,0.2524,0.2582,0.2638,0.2705,0.2739,0.2718,0.2714,0.2608,0.2483,0.2362","0.0137,0.0302,0.0182,0.0171,0.0105,0.0122,0.0228,0.0206,0.0200,0.0209,0.0254,0.0295,0.0305,0.0287,0.0323,0.0322,0.0244,0.0201,0.0182,0.0166",,,,,,,,,,,,,,,,
fewer,1,msp,0.09176510784780544,0.006593276460687342,"0.0100,0.0101,0.0168,0.0203,0.0212,0.0278,0.0399,0.0544,0.0674,0.0790,0.0906,0.1025,0.1171,0.1382,0.1524,0.1655,0.1836,0.2045,0.2208,0.2362","0.0137,0.0057,0.0084,0.0144,0.0131,0.0114,0.0162,0.0147,0.0207,0.0214,0.0233,0.0184,0.0169,0.0090,0.0060,0.0058,0.0077,0.0106,0.0156,0.0166",,,,,,,,,,,,,,,,
fewer,1,margin,0.09176510784780544,0.006593276460687342,"0.0100,0.0101,0.0168,0.0203,0.0212,0.0278,0.0399,0.0544,0.0674,0.0790,0.0906,0.1025,0.1171,0.1382,0.1524,0.1655,0.1836,0.2045,0.2208,0.2362","0.0137,0.0057,0.0084,0.0144,0.0131,0.0114,0.0162,0.0147,0.0207,0.0214,0.0233,0.0184,0.0169,0.0090,0.0060,0.0058,0.0077,0.0106,0.0156,0.0166",,,,,,,,,,,,,,,,
fewer,1,entropy,0.09176510784780544,0.006593276460687342,"0.0100,0.0101,0.0168,0.0203,0.0212,0.0278,0.0399,0.0544,0.0674,0.0790,0.0906,0.1025,0.1171,0.1382,0.1524,0.1655,0.1836,0.2045,0.2208,0.2362","0.0137,0.0057,0.0084,0.0144,0.0131,0.0114,0.0162,0.0147,0.0207,0.0214,0.0233,0.0184,0.0169,0.0090,0.0060,0.0058,0.0077,0.0106,0.0156,0.0166",,,,,,,,,,,,,,,,
fewer,1,u,0.263871057179597,0.04149380552337134,"0.4200,0.3443,0.3244,0.2924,0.2778,0.2692,0.2652,0.2684,0.2674,0.2754,0.2736,0.2717,0.2747,0.2723,0.2654,0.2604,0.2551,0.2481,0.2435,0.2362","0.2321,0.1842,0.0842,0.0526,0.0406,0.0357,0.0445,0.0519,0.0489,0.0462,0.0310,0.0294,0.0221,0.0210,0.0143,0.0104,0.0125,0.0144,0.0158,0.0166",,,,,,,,,,,,,,,,
fewer,1,random,0.2243924050632911,0.015784802513372033,"0.2362,0.2362,0.2362,0.2362,0.2362,0.2362,0.2362,0.2362,0.2362,0.2362,0.2362,0.2362,0.2362,0.2362,0.2362,0.2362,0.2362,0.2362,0.2362,0.2362","0.0166,0.0166,0.0166,0.0166,0.0166,0.0166,0.0166,0.0166,0.0166,0.0166,0.0166,0.0166,0.0166,0.0166,0.0166,0.0166,0.0166,0.0166,0.0166,0.0166",,,,,,,,,,,,,,,,
fewer,1,p,,,,,0.057383966244725734,0.01215600024547505,,,,,,,,,,,,,,
fewer,1,msp,,,,,0.027848101265822787,0.011400216106418816,,,,,,,,,,,,,,
fewer,1,margin,,,,,0.027848101265822787,0.011400216106418816,,,,,,,,,,,,,,
fewer,1,entropy,,,,,0.027848101265822787,0.011400216106418816,,,,,,,,,,,,,,
fewer,1,u,,,,,0.26919831223628693,0.03572820781437392,,,,,,,,,,,,,,
fewer,1,random,,,,,0.23728691983122366,0.016587515680195803,0.0033280709194140946,,,,,,,,,,,,,
fewer,1,p,,,,,,,,0.23443037974683545,0.020922484568500637,,,,,,,,,,,
fewer,1,msp,,,,,,,,0.0789873417721519,0.02143692468862435,,,,,,,,,,,
fewer,1,margin,,,,,,,,0.0789873417721519,0.02143692468862435,,,,,,,,,,,
fewer,1,entropy,,,,,,,,0.0789873417721519,0.02143692468862435,,,,,,,,,,,
fewer,1,u,,,,,,,,0.27544303797468356,0.046212067682449155,,,,,,,,,,,
fewer,1,random,,,,,,,,0.23668354430379748,0.016396771326034988,0.0020726817192314693,,,,,,,,,,
fewer,1,p,,,,,,,,,,,0.27052441229656415,0.02866626511108889,,,,,,,,
fewer,1,msp,,,,,,,,,,,0.13815551537070525,0.009005352331275755,,,,,,,,
fewer,1,margin,,,,,,,,,,,0.13815551537070525,0.009005352331275755,,,,,,,,
fewer,1,entropy,,,,,,,,,,,0.13815551537070525,0.009005352331275755,,,,,,,,
fewer,1,u,,,,,,,,,,,0.27233273056057866,0.021034091896702134,,,,,,,,
fewer,1,random,,,,,,,,,,,0.23634358047016274,0.017660918130003703,0.001374667928423968,,,,,,,
fewer,1,p,,,,,,,,,,,,,,0.260759493670886,0.020053911249099936,,,,,
fewer,1,msp,,,,,,,,,,,,,,0.2045007032348804,0.010646520882011568,,,,,
fewer,1,margin,,,,,,,,,,,,,,0.2045007032348804,0.010646520882011568,,,,,
fewer,1,entropy,,,,,,,,,,,,,,0.2045007032348804,0.010646520882011568,,,,,
fewer,1,u,,,,,,,,,,,,,,0.2481012658227848,0.014363905970955592,,,,,
fewer,1,random,,,,,,,,,,,,,,0.23640646976090013,0.016308662027535815,0.0006786137803484212,,,,
fewer,1,err-detect-msp,,,,,,,,,,,,,,,,,0.7871413589700174,0.038073287668749796,0.4816653084153423,0.057811871963731054
fewer,1,err-detect-entropy,,,,,,,,,,,,,,,,,0.7871413589700174,0.038073287668749796,0.4816653084153423,0.057811871963731054
fewer,1,err-detect-u,,,,,,,,,,,,,,,,,0.419523147936923,0.04256922029608649,0.19942074461161943,0.023205315785370426
fewer,5,p,0.11031275511187147,0.011740628797779977,"0.0000,0.0029,0.0058,0.0073,0.0209,0.0311,0.0433,0.0715,0.1165,0.1528,0.1846,0.1908,0.1942,0.1958,0.1911,0.1869,0.1832,0.1773,0.1696,0.1612","0.0000,0.0065,0.0053,0.0000,0.0121,0.0174,0.0226,0.0285,0.0199,0.0205,0.0112,0.0143,0.0174,0.0206,0.0203,0.0205,0.0198,0.0167,0.0144,0.0137",,,,,,,,,,,,,,,,
fewer,5,msp,0.05480387882046295,0.008301157132772855,"0.0000,0.0058,0.0117,0.0088,0.0116,0.0165,0.0242,0.0299,0.0395,0.0431,0.0462,0.0539,0.0637,0.0750,0.0917,0.1016,0.1166,0.1313,0.1445,0.1612","0.0000,0.0079,0.0160,0.0120,0.0136,0.0148,0.0151,0.0140,0.0167,0.0142,0.0151,0.0158,0.0159,0.0133,0.0153,0.0132,0.0148,0.0156,0.0158,0.0137",,,,,,,,,,,,,,,,
fewer,5,margin,0.05480387882046295,0.008301157132772855,"0.0000,0.0058,0.0117,0.0088,0.0116,0.0165,0.0242,0.0299,0.0395,0.0431,0.0462,0.0539,0.0637,0.0750,0.0917,0.1016,0.1166,0.1313,0.1445,0.1612","0.0000,0.0079,0.0160,0.0120,0.0136,0.0148,0.0151,0.0140,0.0167,0.0142,0.0151,0.0158,0.0159,0.0133,0.0153,0.0132,0.0148,0.0156,0.0158,0.0137",,,,,,,,,,,,,,,,
fewer,5,entropy,0.05480387882046295,0.008301157132772855,"0.0000,0.0058,0.0117,0.0088,0.0116,0.0165,0.0242,0.0299,0.0395,0.0431,0.0462,0.0539,0.0637,0.0750,0.0917,0.1016,0.1166,0.1313,0.1445,0.1612","0.0000,0.0079,0.0160,0.0120,0.0136,0.0148,0.0151,0.0140,0.0167,0.0142,0.0151,0.0158,0.0159,0.0133,0.0153,0.0132,0.0148,0.0156,0.0158,0.0137",,,,,,,,,,,,,,,,
fewer,5,u,0.15160869168187302,0.014866630148306198,"0.0941,0.1507,0.1553,0.1650,0.1640,0.1553,0.1592,0.1591,0.1631,0.1697,0.1676,0.1665,0.1655,0.1642,0.1608,0.1599,0.1605,0.1595,0.1586,0.1612","0.0761,0.0529,0.0490,0.0497,0.0320,0.0305,0.0266,0.0255,0.0243,0.0191,0.0153,0.0138,0.0109,0.0085,0.0086,0.0117,0.0133,0.0131,0.0137,0.0137",,,,,,,,,,,,,,,,
fewer,5,random,0.15316326530612245,0.012976176602176507,"0.1612,0.1612,0.1612,0.1612,0.1612,0.1612,0.1612,0.1612,0.1612,0.1612,0.1612,0.1612,0.1612,0.1612,0.1612,0.1612,0.1612,0.1612,0.1612,0.1612","0.0137,0.0137,0.0137,0.0137,0.0137,0.0137,0.0137,0.0137,0.0137,0.0137,0.0137,0.0137,0.0137,0.0137,0.0137,0.0137,0.0137,0.0137,0.0137,0.0137",,,,,,,,,,,,,,,,
fewer,5,p,,,,,0.031067961165048542,0.017367518271843026,,,,,,,,,,,,,,
fewer,5,msp,,,,,0.016504854368932037,0.01480383561356981,,,,,,,,,,,,,,
fewer,5,margin,,,,,0.016504854368932037,0.01480383561356981,,,,,,,,,,,,,,
fewer,5,entropy,,,,,0.016504854368932037,0.01480383561356981,,,,,,,,,,,,,,
fewer,5,u,,,,,0.1553398058252427,0.03050923565528285,,,,,,,,,,,,,,
fewer,5,random,,,,,0.16135922330097083,0.015111041143032826,0.002977895933049494,,,,,,,,,,,,,
fewer,5,p,,,,,,,,0.15276967930029156,0.020470541902672834,,,,,,,,,,,
fewer,5,msp,,,,,,,,0.043148688046647225,0.014193191189082317,,,,,,,,,,,
fewer,5,margin,,,,,,,,0.043148688046647225,0.014193191189082317,,,,,,,,,,,
fewer,5,entropy,,,,,,,,0.043148688046647225,0.014193191189082317,,,,,,,,,,,
fewer,5,u,,,,,,,,0.16967930029154518,0.019051089507527163,,,,,,,,,,,
fewer,5,random,,,,,,,,0.1607142857142857,0.013386623665886131,0.0020312919417793483,,,,,,,,,,
fewer,5,p,,,,,,,,,,,0.19583333333333333,0.020623947784607632,,,,,,,,
fewer,5,msp,,,,,,,,,,,0.075,0.013258252147247766,,,,,,,,
fewer,5,margin,,,,,,,,,,,0.075,0.013258252147247766,,,,,,,,
fewer,5,entropy,,,,,,,,,,,0.075,0.013258252147247766,,,,,,,,
fewer,5,u,,,,,,,,,,,0.16416666666666666,0.008513673642376055,,,,,,,,
fewer,5,random,,,,,,,,,,,0.16044375000000002,0.014184694029300062,0.0013099571365347504,,,,,,,
fewer,5,p,,,,,,,,,,,,,,0.1773095623987034,0.016749446590293433,,,,,
fewer,5,msp,,,,,,,,,,,,,,0.1312803889789303,0.015587831492440316,,,,,
fewer,5,margin,,,,,,,,,,,,,,0.1312803889789303,0.015587831492440316,,,,,
fewer,5,entropy,,,,,,,,,,,,,,0.1312803889789303,0.015587831492440316,,,,,
fewer,5,u,,,,,,,,,,,,,,0.15948136142625607,0.013147033899950238,,,,,
fewer,5,random,,,,,,,,,,,,,,0.1614262560777958,0.013728639183644708,0.0006508326365111808,,,,
fewer,5,err-detect-msp,,,,,,,,,,,,,,,,,0.7980579505534597,0.02805762551868236,0.40784908702678113,0.03778726671968476
fewer,5,err-detect-entropy,,,,,,,,,,,,,,,,,0.7980579505534597,0.02805762551868236,0.40784908702678113,0.03778726671968476
fewer,5,err-detect-u,,,,,,,,,,,,,,,,,0.4956887103272593,0.04889125998303957,0.18985288374312415,0.05263616381158191
rare,1,p,0.10236358729539016,0.006690720991516469,"0.0000,0.0000,0.0000,0.0154,0.0204,0.0305,0.0464,0.0590,0.0841,0.1286,0.1685,0.2017,0.1921,0.1854,0.1782,0.1707,0.1677,0.1614,0.1602,0.1541","0.0000,0.0000,0.0000,0.0229,0.0204,0.0142,0.0159,0.0115,0.0262,0.0276,0.0152,0.0163,0.0153,0.0098,0.0147,0.0152,0.0203,0.0182,0.0213,0.0167",,,,,,,,,,,,,,,,
rare,1,msp,0.0588397020151543,0.005194076049222335,"0.0000,0.0000,0.0138,0.0205,0.0245,0.0339,0.0377,0.0487,0.0500,0.0551,0.0611,0.0661,0.0724,0.0774,0.0857,0.0930,0.1006,0.1216,0.1376,0.1541","0.0000,0.0000,0.0308,0.0215,0.0266,0.0240,0.0243,0.0190,0.0190,0.0116,0.0051,0.0071,0.0117,0.0168,0.0287,0.0223,0.0262,0.0280,0.0260,0.0167",,,,,,,,,,,,,,,,
rare,1,margin,0.0588397020151543,0.005194076049222335,"0.0000,0.0000,0.0138,0.0205,0.0245,0.0339,0.0377,0.0487,0.0500,0.0551,0.0611,0.0661,0.0724,0.0774,0.0857,0.0930,0.1006,0.1216,0.1376,0.1541","0.0000,0.0000,0.0308,0.0215,0.0266,0.0240,0.0243,0.0190,0.0190,0.0116,0.0051,0.0071,0.0117,0.0168,0.0287,0.0223,0.0262,0.0280,0.0260,0.0167",,,,,,,,,,,,,,,,
rare,1,entropy,0.0588397020151543,0.005194076049222335,"0.0000,0.0000,0.0138,0.0205,0.0245,0.0339,0.0377,0.0487,0.0500,0.0551,0.0611,0.0661,0.0724,0.0774,0.0857,0.0930,0.1006,0.1216,0.1376,0.1541","0.0000,0.0000,0.0308,0.0215,0.0266,0.0240,0.0243,0.0190,0.0190,0.0116,0.0051,0.0071,0.0117,0.0168,0.0287,0.0223,0.0262,0.0280,0.0260,0.0167",,,,,,,,,,,,,,,,
rare,1,u,0.13039909875124872,0.015168109545453914,"0.0400,0.0900,0.0966,0.0974,0.1102,0.1186,0.1101,0.1179,0.1295,0.1571,0.1667,0.1712,0.1669,0.1708,0.1660,0.1618,0.1617,0.1602,0.1581,0.1541","0.0548,0.0742,0.0567,0.0421,0.0310,0.0169,0.0130,0.0190,0.0130,0.0171,0.0236,0.0193,0.0264,0.0245,0.0262,0.0232,0.0175,0.0158,0.0224,0.0167",,,,,,,,,,,,,,,,
rare,1,random,0.14637755102040817,0.01585475088990441,"0.1541,0.1541,0.1541,0.1541,0.1541,0.1541,0.1541,0.1541,0.1541,0.1541,0.1541,0.1541,0.1541,0.1541,0.1541,0.1541,0.1541,0.1541,0.1541,0.1541","0.0167,0.0167,0.0167,0.0167,0.0167,0.0167,0.0167,0.0167,0.0167,0.0167,0.0167,0.0167,0.0167,0.0167,0.0167,0.0167,0.0167,0.0167,0.0167,0.0167",,,,,,,,,,,,,,,,
rare,1,p,,,,,0.030508474576271188,0.014180678415831791,,,,,,,,,,,,,,
rare,1,msp,,,,,0.03389830508474577,0.023969721396154157,,,,,,,,,,,,,,
rare,1,margin,,,,,0.03389830508474577,0.023969721396154157,,,,,,,,,,,,,,
rare,1,entropy,,,,,0.03389830508474577,0.023969721396154157,,,,,,,,,,,,,,
rare,1,u,,,,,0.11864406779661016,0.016949152542372878,,,,,,,,,,,,,,
rare,1,random,,,,,0.15188135593220337,0.0165854407759934,0.0054373809918016975,,,,,,,,,,,,,
rare,1,p,,,,,,,,0.1285714285714286,0.02756991037980877,,,,,,,,,,,
rare,1,msp,,,,,,,,0.055102040816326525,0.01163444311325651,,,,,,,,,,,
rare,1,margin,,,,,,,,0.055102040816326525,0.01163444311325651,,,,,,,,,,,
rare,1,entropy,,,,,,,,0.055102040816326525,0.01163444311325651,,,,,,,,,,,
rare,1,u,,,,,,,,0.1571428571428571,0.017074694419062772,,,,,,,,,,,
rare,1,random,,,,,,,,0.1546122448979592,0.016968585460926704,0.003639307928442499,,,,,,,,,,
rare,1,p,,,,,,,,,,,0.1854014598540146,0.009792998441604915,,,,,,,,
rare,1,msp,,,,,,,,,,,0.07737226277372262,0.016804181654337717,,,,,,,,
rare,1,margin,,,,,,,,,,,0.07737226277372262,0.016804181654337717,,,,,,,,
rare,1,entropy,,,,,,,,,,,0.07737226277372262,0.016804181654337717,,,,,,,,
rare,1,u,,,,,,,,,,,0.1708029197080292,0.024536841334265133,,,,,,,,
rare,1,random,,,,,,,,,,,0.15435036496350363,0.017408537237105268,0.0023812761466361953,,,,,,,
rare,1,p,,,,,,,,,,,,,,0.16136363636363635,0.018235007427137746,,,,,
rare,1,msp,,,,,,,,,,,,,,0.12159090909090908,0.028008539872423265,,,,,
rare,1,margin,,,,,,,,,,,,,,0.12159090909090908,0.028008539872423265,,,,,
rare,1,entropy,,,,,,,,,,,,,,0.12159090909090908,0.028008539872423265,,,,,
rare,1,u,,,,,,,,,,,,,,0.16022727272727272,0.015766405597172285,,,,,
rare,1,random,,,,,,,,,,,,,,0.15398863636363636,0.01719971157098282,0.0011874480185442185,,,,
rare,1,err-detect-msp,,,,,,,,,,,,,,,,,0.7758709422123818,0.01056349266612255,0.41226731633985425,0.042365706526577035
rare,1,err-detect-entropy,,,,,,,,,,,,,,,,,0.7758709422123818,0.01056349266612255,0.41226731633985425,0.042365706526577035
rare,1,err-detect-u,,,,,,,,,,,,,,,,,0.5072379531346103,0.039536583164154496,0.15479848450643982,0.022656560212304565
rare,5,p,0.08384402104815274,0.01718614683029548,"0.0000,0.0000,0.0000,0.0087,0.0069,0.0114,0.0146,0.0261,0.0462,0.1103,0.1562,0.1629,0.1680,0.1679,0.1632,0.1548,0.1455,0.1385,0.1327,0.1259","0.0000,0.0000,0.0000,0.0194,0.0154,0.0256,0.0327,0.0357,0.0349,0.0094,0.0191,0.0373,0.0321,0.0297,0.0274,0.0248,0.0233,0.0221,0.0209,0.0198",,,,,,,,,,,,,,,,
rare,5,msp,0.028873347153422185,0.010014607003642683,"0.0000,0.0000,0.0000,0.0000,0.0000,0.0000,0.0049,0.0087,0.0077,0.0069,0.0125,0.0171,0.0213,0.0296,0.0483,0.0602,0.0808,0.1019,0.1145,0.1259","0.0000,0.0000,0.0000,0.0000,0.0000,0.0000,0.0109,0.0119,0.0105,0.0094,0.0204,0.0156,0.0202,0.0256,0.0262,0.0223,0.0160,0.0187,0.0152,0.0198",,,,,,,,,,,,,,,,
rare,5,margin,0.028873347153422185,0.010014607003642683,"0.0000,0.0000,0.0000,0.0000,0.0000,0.0000,0.0049,0.0087,0.0077,0.0069,0.0125,0.0171,0.0213,0.0296,0.0483,0.0602,0.0808,0.1019,0.1145,0.1259","0.0000,0.0000,0.0000,0.0000,0.0000,0.0000,0.0109,0.0119,0.0105,0.0094,0.0204,0.0156,0.0202,0.0256,0.0262,0.0223,0.0160,0.0187,0.0152,0.0198",,,,,,,,,,,,,,,,
rare,5,entropy,0.028873347153422185,0.010014607003642683,"0.0000,0.0000,0.0000,0.0000,0.0000,0.0000,0.0049,0.0087,0.0077,0.0069,0.0125,0.0171,0.0213,0.0296,0.0483,0.0602,0.0808,0.1019,0.1145,0.1259","0.0000,0.0000,0.0000,0.0000,0.0000,0.0000,0.0109,0.0119,0.0105,0.0094,0.0204,0.0156,0.0202,0.0256,0.0262,0.0223,0.0160,0.0187,0.0152,0.0198",,,,,,,,,,,,,,,,
rare,5,u,0.15753685576618254,0.04360298151950172,"0.1667,0.2000,0.1882,0.2174,0.2069,0.1829,0.1951,0.1870,0.1654,0.1690,0.1594,0.1571,0.1547,0.1481,0.1425,0.1355,0.1354,0.1327,0.1273,0.1259","0.1667,0.1264,0.1275,0.1108,0.0771,0.0658,0.0645,0.0587,0.0520,0.0283,0.0204,0.0267,0.0242,0.0231,0.0238,0.0223,0.0197,0.0219,0.0232,0.0198",,,,,,,,,,,,,,,,
rare,5,random,0.11956896551724139,0.018854002088897016,"0.1259,0.1259,0.1259,0.1259,0.1259,0.1259,0.1259,0.1259,0.1259,0.1259,0.1259,0.1259,0.1259,0.1259,0.1259,0.1259,0.1259,0.1259,0.1259,0.1259","0.0198,0.0198,0.0198,0.0198,0.0198,0.0198,0.0198,0.0198,0.0198,0.0198,0.0198,0.0198,0.0198,0.0198,0.0198,0.0198,0.0198,0.0198,0.0198,0.0198",,,,,,,,,,,,,,,,
rare,5,p,,,,,0.011428571428571429,0.025555062599997593,,,,,,,,,,,,,,
rare,5,msp,,,,,0.0,0.0,,,,,,,,,,,,,,
rare,5,margin,,,,,0.0,0.0,,,,,,,,,,,,,,
rare,5,entropy,,,,,0.0,0.0,,,,,,,,,,,,,,
rare,5,u,,,,,0.18285714285714288,0.0657763681898362,,,,,,,,,,,,,,
rare,5,random,,,,,0.12514285714285714,0.022367295732102863,0.006645698590155203,,,,,,,,,,,,,
rare,5,p,,,,,,,,0.1103448275862069,0.00944349237077873,,,,,,,,,,,
rare,5,msp,,,,,,,,0.006896551724137931,0.009443492370778727,,,,,,,,,,,
rare,5,margin,,,,,,,,0.006896551724137931,0.009443492370778727,,,,,,,,,,,
rare,5,entropy,,,,,,,,0.006896551724137931,0.009443492370778727,,,,,,,,,,,
rare,5,u,,,,,,,,0.16896551724137931,0.02833047711233617,,,,,,,,,,,
rare,5,random,,,,,,,,0.1275862068965517,0.02029838357463872,0.004392239181799309,,,,,,,,,,
rare,5,p,,,,,,,,,,,0.16790123456790124,0.029732332293314307,,,,,,,,
rare,5,msp,,,,,,,,,,,0.029629629629629627,0.025600544880651502,,,,,,,,
rare,5,margin,,,,,,,,,,,0.029629629629629627,0.025600544880651502,,,,,,,,
rare,5,entropy,,,,,,,,,,,0.029629629629629627,0.025600544880651502,,,,,,,,
rare,5,u,,,,,,,,,,,0.14814814814814814,0.023096650535641614,,,,,,,,
rare,5,random,,,,,,,,,,,0.12654320987654322,0.01982442749794037,0.002897540484726188,,,,,,,
rare,5,p,,,,,,,,,,,,,,0.13846153846153844,0.022136277756194884,,,,,
rare,5,msp,,,,,,,,,,,,,,0.10192307692307694,0.018743835278478775,,,,,
rare,5,margin,,,,,,,,,,,,,,0.10192307692307694,0.018743835278478775,,,,,
rare,5,entropy,,,,,,,,,,,,,,0.10192307692307694,0.018743835278478775,,,,,
rare,5,u,,,,,,,,,,,,,,0.1326923076923077,0.02192645048267573,,,,,
rare,5,random,,,,,,,,,,,,,,0.12579807692307693,0.020067511563226677,0.0014788977918755541,,,,
rare,5,err-detect-msp,,,,,,,,,,,,,,,,,0.8588665925416071,0.036671773021965524,0.38488551925706277,0.057877140113330124
rare,5,err-detect-entropy,,,,,,,,,,,,,,,,,0.8588665925416071,0.036671773021965524,0.38488551925706277,0.057877140113330124
rare,5,err-detect-u,,,,,,,,,,,,,,,,,0.37689327850852306,0.06246222010887565,0.11507174919561984,0.02582685725017552
